time,value1,value2,value3
151600,0,0,0
151600,0,0,0
151600,0,0,0
151600,0,0,0
151600,0,0,0
151600,0,0,0
151600,0,0,0
151600,0,0,0
151600,0,0,0
151600,0,0,0
151600,0,0,0
151600,0,0,0
151600,0,0,0
151600,0,0,0
151600,0,0,0
151600,0,0,0
151600,0,0,0
151600,0,0,0
151600,0,0,0
151600,0,0,0
151600,0,0,0
151600,0,0,0
151600,0,0,0
151600,0,0,0
151600,0,0,0
151600,0,0,0
151600,0,0,0
151600,0,0,0
151600,0,0.0333,0
151600,0,0.0666,0
151601,0,0.1,0
151601,0,0.1333,0
151601,0,0.1666,0
151601,0,0.2,0
151601,0,0.2333,0
151601,0,0.2666,0
151601,0,0.3,0
151601,0,0.3333,0
151601,0,0.3666,0
151601,0,0.4,0
151601,0,0.4333,0
151601,0,0.4666,0
151601,0,0.5,0
151601,0,0.5333,0
151601,0,0.5666,0
151601,0,0.6,0
151601,0,0.6333,0
151601,0,0.6666,0
151601,0,0.7,0
151601,0,0.7333,0
151601,0,0.7666,0
151601,0,0.8,0
151601,0,0.8333,0
151601,0,0.8666,0
151601,0,0.9,0
151601,0,0.9333,0
151601,0,0.9666,0
151601,0,1,0
151601,0,1,0
151601,0,1,0
151602,0,1,0
151602,0,1,0
151602,0,1,0
151602,0,1,0
151602,0,1,0
151602,0,1,0
151602,0,1,0
151602,0,1,0
151602,0,1,0
151602,0,1,0
151602,0,1,0
151602,0,1,0
151602,0,1,0
151602,0,1,0
151602,0,1,0
151602,0,1,0
151602,0,1,0
151602,0,1,0
151602,0,1,0
151602,0,1,0
151602,0,1,0
151602,0,1,0
151602,0,1,0
151602,0,1,0
151602,0,1,0
151602,0,1,0
151602,0,1,0
151602,0,1,0
151602,0,1,0
151602,0,1,0
151603,0,1,0
151603,0,1,0
151603,0,1,0
151603,0,1,0
151603,0,1,0
151603,0,1,0
151603,0,1,0
151603,0,1,0
151603,0,1,0
151603,0,1,0
151603,0,1,0
151603,0,1,0
151603,0,1,0
151603,0,1,0
151603,0,1,0
151603,0,1,0
151603,0,1,0
151603,0,1,0
151603,0,1,0
151603,0,1,0
151603,0,1,0
151603,0,1,0
151603,0,1,0
151603,0,1,0
151603,0,1,0
151603,0,1,0
151603,0,1,0
151603,0,1,0
151603,0,1,0
151603,0,1,0
151604,0,1,0
151604,0,1,0
151604,0,1,0
151604,0,1,0
151604,0,1,0
151604,0,1,0
151604,0,1,0
151604,0,1,0
151604,0,1,0
151604,0,1,0
151604,0,1,0
151604,0,1,0
151604,0,1,0
151604,0,1,0
151604,0,1,0
151604,0,1,0
151604,0,1,0
151604,0,1,0
151604,0,1,0
151604,0,1,0
151604,0,1,0
151604,0,1,0
151604,0,1,0
151604,0,1,0
151604,0,1,0
151604,0,1,0
151604,0,1,0
151604,0,1,0
151604,0,1,0
151604,0,1,0
151605,0,1,0
151605,0,1,0
151605,0,1,0
151605,0,1,0
151605,0,1,0
151605,0,1,0
151605,0,1,0
151605,0,1,0
151605,0,1,0
151605,0,1,0
151605,0,1,0
151605,0,1,0
151605,0,1,0
151605,0,1,0
151605,0,1,0
151605,0,1,0
151605,0,1,0
151605,0,1,0
151605,0,1,0
151605,0,1,0
151605,0,1,0
151605,0,1,0
151605,0,1,0
151605,0,1,0
151605,0,1,0
151605,0,1,0
151605,0,1,0
151605,0,1,0
151605,0,1,0
151605,0,1,0
151606,0,1,0
151606,0,1,0
151606,0,1,0
151606,0,1,0
151606,0,1,0
151606,0,1,0
151606,0,1,0
151606,0,1,0
151606,0,1,0
151606,0,1,0
151606,0,1,0
151606,0,1,0
151606,0,1,0
151606,0,1,0
151606,0,1,0
151606,0,1,0
151606,0,1,0
151606,0,1,0
151606,0,1,0
151606,0,1,0
151606,0,1,0
151606,0,1,0
151606,0,1,0
151606,0,1,0
151606,0,1,0
151606,0,1,0
151606,0,1,0
151606,0,1,0
151606,0,1,0
151606,0,1,0
151607,0,1,0
151607,0,1,0
151607,0,1,0
151607,0,1,0
151607,0,1,0
151607,0,1,0
151607,0,1,0
151607,0,1,0
151607,0,1,0
151607,0,1,0
151607,0,1,0
151607,0,1,0
151607,0,1,0
151607,0,1,0
151607,0,1,0
151607,0,1,0
151607,0,1,0
151607,0,1,0
151607,0,1,0
151607,0,1,0
151607,0,1,0
151607,0,1,0
151607,0,1,0
151607,0,1,0
151607,0,1,0
151607,0,1,0
151607,0,1,0
151607,0,1,0
151607,0,1,0
151607,0,1,0
151608,0,1,0
151608,0,1,0
151608,0,1,0
151608,0,1,0
151608,0,1,0
151608,0,1,0
151608,0,1,0
151608,0,1,0
151608,0,1,0
151608,0,1,0
151608,0,1,0
151608,0,1,0
151608,0,1,0
151608,0,1,0
151608,0,1,0
151608,0,1,0
151608,0,1,0
151608,0,1,0
151608,0,1,0
151608,0,1,0
151608,0,1,0
151608,0,1,0
151608,0,1,0
151608,0,1,0
151608,0,1,0
151608,0,1,0
151608,0,1,0
151608,0,1,0
151608,0,1,0
151608,0,1,0
151609,0,1,0
151609,0,1,0
151609,0,1,0
151609,0,1,0
151609,0,1,0
151609,0,1,0
151609,0,1,0
151609,0,1,0
151609,0,1,0
151609,0,1,0
151609,0,1,0
151609,0,1,0
151609,0,1,0
151609,0,1,0
151609,0,1,0
151609,0,1,0
151609,0,1,0
151609,0,1,0
151609,0,1,0
151609,0,1,0
151609,0,1,0
151609,0,1,0
151609,0,1,0
151609,0,1,0
151609,0,1,0
151609,0,1,0
151609,0,1,0
151609,0,1,0
151609,0,1,0
151609,0,1,0
151610,0,1,0
151610,0,1,0
151610,0,1,0
151610,0,1,0
151610,0,1,0
151610,0,1,0
151610,0,1,0
151610,0,1,0
151610,0,0.9666,0
151610,0,0.9333,0
151610,0,0.9,0
151610,0,0.8666,0
151610,0,0.8333,0
151610,0,0.8,0
151610,0,0.7666,0
151610,0,0.7333,0
151610,0,0.7,0
151610,0,0.6666,0
151610,0,0.6333,0
151610,0,0.6,0
151610,0,0.5666,0
151610,0,0.5333,0
151610,0,0.5,0
151610,0,0.4666,0
151610,0,0.4333,0
151610,0,0.4,0
151610,0,0.3666,0
151610,0,0.3333,0
151610,0,0.3,0
151610,0,0.2666,0
151611,0,0.2333,0
151611,0,0.2,0
151611,0,0.1666,0
151611,0,0.1333,0
151611,0,0.1,0
151611,0,0.0666,0
151611,0,0.0333,0
151611,0,0,0
151611,0,0,0
151611,0,0,0
151611,0,0,0
151611,0,0,0
151611,0,0,0
151611,0,0,0
151611,0,0,0
151611,0,0,0
151611,0,0,0
151611,0,0,0
151611,0,0,0
151611,0,0,0
151611,0,0,0
151611,0,0,0
151611,0,0,0
151611,0,0,0
151611,0,0,0
151611,0,0,0
151611,0,0,0
151611,0,0,0
151611,0,0,0
151611,0,0,0
151612,0,0,0
151612,0,0,0
151612,0,0,0
151612,0,0,0
151612,0,0,0
151612,0,0,0
151612,0,0,0
151612,0,0,0
151612,0,0,0
151612,0,0,0
151612,0,0,0
151612,0,0,0
151612,0,0,0
151612,0,0,0
151612,0,0,0
151612,0,0,0
151612,0,0,0
151612,0,0,0
151612,0,0,0
151612,0,0,0
151612,0,0,0
151612,0,0,0
151612,0,0,0
151612,0,0,0
151612,0,0,0
151612,0,0,0
151612,0,0,0
151612,0,0,0
151612,0,0,0
151612,0,0,0
151613,0,0,0
151613,0,0,0.0326
151613,0,0,0.0653
151613,0,0,0.098
151613,0,0,0.1308
151613,0,0,0.1635
151613,0,0,0.1962
151613,0,0,0.229
151613,0,0,0.2618
151613,0,0,0.2945
151613,0,0,0.3273
151613,0,0,0.2946
151613,0,0,0.2619
151613,0,0,0.2292
151613,0,0,0.1965
151613,0,0,0.1638
151613,0,0,0.131
151613,0,0,0.0983
151613,0,0,0.0655
151613,0,0,0.0327
151613,0,0,0
151613,0,0,0
151613,0,0,0
151613,0,0,0
151613,0,0,0
151613,0,0,0
151613,0,0,0
151613,0,0,0
151613,0,0,0
151613,0,0,0
151614,0,0,0
151614,0,0,0
151614,0,0,0
151614,0,0,0
151614,0,0,0
151614,0,0,0
151614,0,0,0
151614,0,0,0
151614,0,0,0
151614,0,0,0
151614,0,0,0
151614,0,0,0
151614,0,0,0
151614,0,0,0
151614,0,0,0
151614,0,0,0
151614,0,0,0
151614,0,0,0
151614,0,0,0
151614,0,0,0
151614,0,0,0
151614,0,0,0
151614,0,0,0
151614,0,0,0.0329
151614,0,0,0.0659
151614,0,0,0.0989
151614,0,0,0.1319
151614,0,0,0.1649
151614,0,0,0.132
151614,0,0,0.099
151615,0,0,0.066
151615,0,0,0.033
151615,0,0,0
151615,0,0,0
151615,0,0,0
151615,0,0,0
151615,0,0,0
151615,0,0,0
151615,0,0,0
151615,0,0,0
151615,0,0,0
151615,0,0,0
151615,0,0,0
151615,0,0,0
151615,0,0,0
151615,0,0,0
151615,0,0,0
151615,0,0,0
151615,0,0,0
151615,0,0,0
151615,0,0,0
151615,0,0,0
151615,0,0,0
151615,0,0,0
151615,0,0,0
151615,0,0,0
151615,0,0,0
151615,0,0,0
151615,0,0,0
151615,0,0,0
151616,0,0,0
151616,0,0,0
151616,0,0,0
151616,0,0,0
151616,0,0,0
151616,0,0,0
151616,0,0,0
151616,0,0,0
151616,0,0,0
151616,0,0,0
151616,0,0,0
151616,0,0,0
151616,0,0,-0.033
151616,0,0,-0.066
151616,0,0,-0.099
151616,0,0,-0.133
151616,0,0,-0.166
151616,0,0,-0.199
151616,0,0,-0.232
151616,0,0,-0.266
151616,0,0,-0.299
151616,0,0,-0.266
151616,0,0,-0.233
151616,0,0,-0.199
151616,0,0,-0.166
151616,0,0,-0.133
151616,0,0,-0.099
151616,0,0,-0.066
151616,0,0,-0.033
151616,0,0,0
151617,0,0,0
151617,0,0,0
151617,0,0,0
151617,0,0,0
151617,0,0,0
151617,0,0,0
151617,0,0,0
151617,0,0,0
151617,0,0,0.0336
151617,0,0,0.0672
151617,0,0,0.101
151617,0,0,0.1348
151617,0,0,0.1687
151617,0,0,0.2026
151617,0,0,0.169
151617,0,0,0.1353
151617,0,0,0.1016
151617,0,0,0.0678
151617,0,0,0.0339
151617,0,0,0
151617,0,0,0
151617,0,0,0
151617,0,0,0
151617,0,0,0
151617,0,0,0
151617,0,0,0
151617,0,0,0
151617,0,0,0
151617,0,0,0
151617,0,0,0
151618,0,0,0
151618,0,0,0
151618,0,0,-0.034
151618,0,0,-0.068
151618,0,0,-0.103
151618,0,0,-0.138
151618,0,0,-0.172
151618,0,0,-0.207
151618,0,0,-0.242
151618,0,0,-0.208
151618,0,0,-0.173
151618,0,0,-0.139
151618,0,0,-0.104
151618,0,0,-0.069
151618,0,0,-0.034
151618,0,0,0
151618,0,0,0
151618,0,0,0
151618,0,0,0
151618,0,0,0
151618,0,0,-0.035
151618,0,0,-0.07
151618,0,0,-0.105
151618,0,0,-0.14
151618,0,0,-0.175
151618,0,0,-0.211
151618,0,0,-0.246
151618,0,0,-0.282
151618,0,0,-0.318
151618,0,0,-0.353
151619,0,0,-0.389
151619,0,0,-0.354
151619,0,0,-0.319
151619,0,0,-0.284
151619,0,0,-0.248
151619,0,0,-0.213
151619,0,0,-0.178
151619,0,0,-0.142
151619,0,0,-0.107
151619,0,0,-0.071
151619,0,0,-0.035
151619,0,0,0
151619,0,0,0.0358
151619,0,0,0.0717
151619,0,0,0.1076
151619,0,0,0.1437
151619,0,0,0.1798
151619,0,0,0.2159
151619,0,0,0.2522
151619,0,0,0.2885
151619,0,0,0.3249
151619,0,0,0.3613
151619,0,0,0.3978
151619,0,0,0.4344
151619,0,0,0.4711
151619,0,0,0.5078
151619,0,0,0.5447
151619,0,0,0.5089
151619,0,0,0.473
151619,0,0,0.4371
151620,0,0,0.4011
151620,0,0,0.365
151620,0,0,0.3288
151620,0,0,0.2925
151620,0,0,0.2562
151620,0,0,0.2198
151620,0,0,0.1834
151620,0,0,0.1468
151620,0,0,0.1102
151620,0,0,0.0735
151620,0,0,0.0368
151620,0,0,0
151620,0,0,0
151620,0,0,0
151620,0,0,0
151620,0,0,0
151620,0,0,0
151620,0,0,-0.037
151620,0,0,-0.074
151620,0,0,-0.111
151620,0,0,-0.148
151620,0,0,-0.111
151620,0,0,-0.074
151620,0,0,-0.037
151620,0,0,0
151620,0,0,0
151620,0,0,0
151620,0,0,0
151620,0,0,0
151620,0,0,0
151621,0,0,0
151621,0,0,0.0375
151621,0,0,0.0751
151621,0,0,0.1127
151621,0,0,0.1505
151621,0,0,0.1883
151621,0,0,0.2261
151621,0,0,0.264
151621,0,0,0.302
151621,0,0,0.3401
151621,0,0,0.3026
151621,0,0,0.265
151621,0,0,0.2273
151621,0,0,0.1896
151621,0,0,0.1518
151621,0,0,0.1139
151621,0,0,0.076
151621,0,0,0.038
151621,0,0,0
151621,0,0,-0.038
151621,0,0,-0.076
151621,0,0,-0.114
151621,0,0,-0.152
151621,0,0,-0.191
151621,0,0,-0.229
151621,0,0,-0.268
151621,0,0,-0.306
151621,0,0,-0.345
151621,0,0,-0.384
151621,0,0,-0.423
151622,0,0,-0.462
151622,0,0,-0.5
151622,0,0,-0.54
151622,0,0,-0.579
151622,0,0,-0.541
151622,0,0,-0.502
151622,0,0,-0.464
151622,0,0,-0.426
151622,0,0,-0.387
151622,0,0,-0.349
151622,0,0,-0.31
151622,0,0,-0.272
151622,0,0,-0.233
151622,0,0,-0.194
151622,0,0.0333,-0.156
151622,0,0.0666,-0.117
151622,0,0.1,-0.078
151622,0,0.1333,-0.039
151622,0,0.1666,0
151622,0,0.2,0
151622,0,0.2333,0
151622,0,0.2666,0
151622,0,0.3,0
151622,0,0.3333,0
151622,0,0.3666,0
151622,0,0.4,0.0392
151622,0,0.4333,0.0783
151622,0,0.4666,0.1174
151622,0,0.5,0.1564
151622,0,0.5333,0.1953
151623,0,0.5666,0.2341
151623,0,0.6,0.2727
151623,0,0.6333,0.2334
151623,0,0.6666,0.1943
151623,0,0.7,0.1552
151623,0,0.7333,0.1162
151623,0,0.7666,0.0774
151623,0,0.8,0.0386
151623,0,0.8333,0
151623,0,0.8666,0
151623,0,0.9,0
151623,0,0.9333,0
151623,0,0.9666,0
151623,0,1,0
151623,0,1,-0.038
151623,0,0.9666,-0.076
151623,0,0.9333,-0.113
151623,0,0.9,-0.151
151623,0,0.8666,-0.188
151623,0,0.8333,-0.225
151623,0,0.8,-0.262
151623,0,0.7666,-0.298
151623,0,0.7333,-0.26
151623,0,0.7,-0.222
151623,0,0.6666,-0.184
151623,0,0.6333,-0.147
151623,0,0.6,-0.11
151623,0,0.5666,-0.073
151623,0,0.5333,-0.036
151623,0,0.5,0
151624,0,0.4666,0
151624,0,0.4333,0
151624,0,0.4666,0
151624,0,0.5,0
151624,0,0.5333,0
151624,0,0.5666,0
151624,0,0.6,0
151624,0,0.6333,0
151624,0,0.6,0
151624,0,0.5666,-0.035
151624,0,0.5333,-0.071
151624,0,0.5,-0.107
151624,0,0.4666,-0.142
151624,0,0.4333,-0.178
151624,0,0.4,-0.213
151624,0,0.3666,-0.248
151624,0,0.3333,-0.284
151624,0,0.3,-0.319
151624,0,0.2666,-0.354
151624,0,0.2333,-0.39
151624,0,0.2,-0.354
151624,0,0.1666,-0.319
151624,0,0.1333,-0.284
151624,0,0.1,-0.248
151624,0,0.0666,-0.213
151624,0,0.0333,-0.178
151624,0,0,-0.142
151624,0,0,-0.106
151624,0,0,-0.071
151624,0,0,-0.035
151625,0,0,0
151625,0,0,0.0357
151625,0,0,0.0716
151625,0,0,0.1075
151625,0,0,0.1435
151625,0,0,0.1796
151625,0,0,0.2157
151625,0,0,0.2519
151625,0,0,0.2882
151625,0,0,0.3245
151625,0,0,0.3609
151625,0,0,0.3974
151625,0,0,0.434
151625,0,0,0.4706
151625,0,0,0.5073
151625,0,0,0.5441
151625,0,0,0.581
151625,0,0,0.618
151625,0,0,0.5822
151625,0,0,0.5464
151625,0,0,0.5105
151625,0,0,0.4745
151625,0,0,0.4385
151625,0,0,0.4024
151625,0,0,0.3662
151625,0,0,0.3299
151625,0,0,0.2935
151625,0,0,0.2571
151625,0,0,0.2206
151625,0,0,0.184
151626,0,0,0.1473
151626,0,0,0.1106
151626,0,0,0.0738
151626,0,0,0.0369
151626,0,0,0
151626,0,0,-0.037
151626,0,0,-0.074
151626,0,0,-0.111
151626,0,0,-0.148
151626,0,0,-0.185
151626,0,0,-0.223
151626,0,0,-0.26
151626,0,0,-0.297
151626,0,0,-0.335
151626,0,0,-0.373
151626,0,0,-0.41
151626,0,0,-0.373
151626,0,0,-0.336
151626,0,0,-0.299
151626,0,0,-0.262
151626,0,0,-0.225
151626,0,0,-0.187
151626,0,0,-0.15
151626,0,0,-0.112
151626,0,0,-0.075
151626,0,0,-0.037
151626,0,0,0
151626,0,0,0
151626,0,0,0
151626,0,0,0
151627,0,0,0
151627,0,0,0
151627,0,0,0
151627,0,0,0
151627,0,0,0
151627,0,0,0
151627,0,0,0
151627,0,0,0
151627,0,0,0
151627,0,0,0
151627,0,0,0
151627,0,0,0.0382
151627,0,0,0.0765
151627,0,0,0.0382
151627,0,0,0
151627,0,0,0
151627,0,0,0
151627,0,0,-0.038
151627,0,0,-0.076
151627,0,0,-0.115
151627,0,0,-0.154
151627,0,0,-0.192
151627,0,0,-0.231
151627,0,0,-0.27
151627,0,0,-0.309
151627,0,0,-0.348
151627,0,0,-0.387
151627,0,0,-0.426
151627,0,0,-0.387
151627,0,0,-0.349
151628,0,0,-0.31
151628,0,0,-0.272
151628,0,0,-0.233
151628,0,0,-0.194
151628,0,0,-0.156
151628,0,0,-0.117
151628,0,0,-0.078
151628,0,0,-0.039
151628,0,0,0
151628,0,0,0
151628,0,0,0
151628,0,0,0
151628,0,0,0
151628,0,0,0
151628,0,0,0
151628,0,0,0.0393
151628,0,0,0.0787
151628,0,0,0.1182
151628,0,0,0.1578
151628,0,0,0.1184
151628,0,0,0.079
151628,0,0,0.0395
151628,0,0,0
151628,0,0,0
151628,0,0,0
151628,0,0,0.0396
151628,0,0,0.0794
151628,0,0,0.1192
151628,0,0,0.1591
151628,0,0,0.199
151629,0,0,0.2391
151629,0,0,0.2791
151629,0,0,0.3193
151629,0,0,0.3595
151629,0,0,0.3998
151629,0,0,0.4401
151629,0,0,0.4806
151629,0,0,0.4409
151629,0,0,0.4012
151629,0,0,0.3613
151629,0,0,0.3215
151629,0,0,0.2815
151629,0,0,0.2415
151629,0,0,0.2014
151629,0,0,0.1612
151629,0,0,0.121
151629,0,0,0.0807
151629,0,0,0.0404
151629,0,0,0
151629,0,0,0
151629,0,0,-0.04
151629,0,0,-0.081
151629,0,0,-0.121
151629,0,0,-0.162
151629,0,0,-0.203
151629,0,0,-0.244
151629,0,0,-0.285
151629,0,0,-0.325
151629,0,0,-0.367
151629,0,0,-0.326
151630,0,0,-0.285
151630,0,0,-0.245
151630,0,0,-0.204
151630,0,0,-0.163
151630,0,0,-0.122
151630,0,0,-0.082
151630,0,0,-0.041
151630,0,0,0
151630,0,0,0.0411
151630,0,0,0.0822
151630,0,0,0.1235
151630,0,0,0.1648
151630,0,0,0.2061
151630,0,0,0.2476
151630,0,0,0.289
151630,0,0,0.3306
151630,0,0,0.2895
151630,0,0,0.2483
151630,0,0,0.2071
151630,0,0,0.1658
151630,0,0,0.1244
151630,0,0,0.083
151630,0,0,0.0415
151630,0,0,0
151630,0,0,0
151630,0,0,0
151630,0,0,0
151630,0,0,0
151630,0,0,0
151630,0,0,0
151631,0,0,0
151631,0,0,0
151631,0,0,0
151631,0.3333,0,0
151631,0.6666,0,0
151631,1,0,0
151631,1.3333,0,0
151631,1.6666,0,0
151631,2,0,0
151631,2.3333,0,0
151631,2.6666,0,0
151631,3,0,0
151631,3.3333,0,0
151631,3.6666,0,0
151631,4,0,0
151631,4.3333,0,0
151631,4.6666,0,0
151631,5,0,0
151631,5.3333,0,0
151631,5.6666,0,0
151631,6,0,0
151631,6.3333,0,0
151631,6.6666,0,0
151631,7,0,0
151631,7.3333,0,0
151631,7.6666,0,0
151631,8,0,0
151631,8.3333,0,0
151631,8.6666,0,0
151631,9,0,0
151632,9.3333,0,0
151632,9.6666,0,0
151632,10,0,0
151632,10,0,0
151632,10,0,0
151632,10,0,0
151632,10,0,0
151632,10,0,0
151632,10,0,0
151632,10,0,0
151632,10,0,0
151632,10,0,0
151632,9.6666,0,0
151632,9.3333,0,0
151632,9,0,0
151632,8.6666,0.0333,0
151632,8.3333,0.0666,0
151632,8,0.1,0
151632,7.6666,0.1333,0
151632,7.3333,0.1666,0
151632,7,0.2,0
151632,6.6666,0.2333,0
151632,6.3333,0.2666,0
151632,6,0.3,0
151632,5.6666,0.3333,0
151632,5.3333,0.3666,0
151632,5,0.4,0
151632,4.6666,0.4333,0
151632,4.3333,0.4666,0
151632,4,0.5,0
151633,3.6666,0.5333,0
151633,3.3333,0.5666,0
151633,3,0.6,0
151633,2.6666,0.6333,-0.099
151633,2.3333,0.6666,-0.203
151633,2,0.7,-0.311
151633,1.6666,0.7333,-0.424
151633,1.3333,0.7666,-0.54
151633,1,0.8,-0.658
151633,0.6666,0.8333,-0.778
151633,0.3333,0.8666,-0.899
151633,0,0.9,-1.018
151633,0,0.9333,-1.136
151633,0,0.9666,-1.022
151633,0,1,-0.908
151633,0,1,-0.794
151633,0,1,-0.68
151633,0,1,-0.565
151633,0,1,-0.45
151633,0,1,-0.335
151633,0,1,-0.222
151633,0,1,-0.11
151633,0,1,0
151633,0,1,0
151633,0,1,0
151633,0,1,0
151633,0,1,0.1057
151633,0,1,0.2093
151633,0,1,0.3106
151633,0,1,0.4096
151634,0,1,0.3038
151634,0,1,0.2002
151634,0,1,0.0989
151634,0,1,0
151634,0,1,0
151634,0,1,0
151634,0,1,0
151634,0,1,0
151634,0,1,0
151634,0,1,0
151634,0,1,0
151634,0,1,0
151634,0,1,0
151634,0,1,0
151634,0,1,0
151634,0,1,0
151634,0,1,0
151634,0,1,0.0804
151634,0,1,0.1585
151634,0,1,0.2342
151634,0,1,0.3076
151634,0,1,0.3786
151634,0,1,0.4474
151634,0,1,0.3671
151634,0,1,0.2891
151634,0,1,0.2134
151634,0,1,0.14
151634,0,1,0.0688
151634,0,1,0
151634,0,1,0
151635,0,1,0
151635,0,1,0
151635,0,1,0
151635,0,1,0
151635,0,1,-0.065
151635,0,1,-0.129
151635,0,1,-0.193
151635,0,1,-0.256
151635,0,1,-0.319
151635,0,1,-0.381
151635,0,1,-0.442
151635,0,1,-0.503
151635,0,1,-0.563
151635,0,1,-0.622
151635,0,1,-0.681
151635,0,1,-0.74
151635,0,1,-0.674
151635,0,1,-0.61
151635,0,1,-0.546
151635,0,1,-0.483
151635,0,1,-0.421
151635,0,1,-0.359
151635,0,1,-0.297
151635,0,1,-0.237
151635,0,1,-0.176
151635,0,1,-0.117
151635,0,1,-0.058
151635,0,1,0
151635,0,1,0
151635,0,1,0
151636,0,1,0
151636,0,1,0
151636,0,1,0
151636,0,1,0
151636,0,1,0
151636,0,1,0
151636,0,1,0
151636,0,1,0
151636,0,1,0
151636,0,1,0
151636,0,1,-0.054
151636,0,1,-0.109
151636,0,1,-0.163
151636,0,1,-0.216
151636,0,1,-0.269
151636,0,1,-0.322
151636,0,1,-0.267
151636,0,1,-0.213
151636,0,1,-0.159
151636,0,1,-0.105
151636,0,1,-0.052
151636,0,1,0
151636,0,1,0
151636,0,1,0
151636,0,1,0
151636,0,1,0
151636,0,1,0
151636,0,1,0
151636,0,1,0
151636,0,1,0
151637,0,1,0
151637,0,1,0
151637,0,1,0
151637,0,1,0
151637,0,1,0.05
151637,0,1,0.0997
151637,0,1,0.149
151637,0,1,0.1979
151637,0,1,0.2465
151637,0,1,0.2946
151637,0,1,0.3424
151637,0,1,0.3898
151637,0,1,0.4369
151637,0,1,0.4836
151637,0,1,0.5299
151637,0,1,0.5759
151637,0,1,0.5259
151637,0,1,0.4762
151637,0,1,0.427
151637,0,1,0.3781
151637,0,1,0.3295
151637,0,1,0.2813
151637,0,1,0.2335
151637,0,1,0.2792
151637,0,1,0.3244
151637,0,1,0.3694
151637,0,1,0.4139
151637,0,1,0.4581
151637,0,1,0.502
151637,0,1,0.4546
151638,0,1,0.4075
151638,0,1,0.3608
151638,0,1,0.3145
151638,0,1,0.2685
151638,0,1,0.2229
151638,0,1,0.1776
151638,0,1,0.1326
151638,0,1,0.0881
151638,0,1,0.0438
151638,0,1,0
151638,0,1,0
151638,0,1,0
151638,0,1,0
151638,0,1,0
151638,0,1,0
151638,0,1,0
151638,0,1,0
151638,0,1,0
151638,0,1,0
151638,0,1,0
151638,0,1,0
151638,0,1,0
151638,0,1,0
151638,0,1,0
151638,0,1,0
151638,0,1,0
151638,0,1,0
151638,0,1,0
151638,0,1,0
151638,0,1,0
151639,0,1,0
151639,0,1,0
151639,0,1,0
151639,0,1,0
151639,0,1,0
151639,0,1,0
151639,0,1,0.0391
151639,0,1,0.0779
151639,0,1,0.1164
151639,0,1,0.1545
151639,0,1,0.1923
151639,0,1,0.1532
151639,0,1,0.1144
151639,0,1,0.0759
151639,0,1,0.0378
151639,0,1,0
151639,0,1,0
151639,0,1,0
151639,0,1,0
151639,0,1,0
151639,0,1,0
151639,0,1,0
151639,0,1,0
151639,0,1,0
151639,0,1,0
151639,0,1,0
151639,0,1,0
151639,0,1,0
151639,0,1,0
151639,0,1,0
151640,0,1,0
151640,0,1,0
151640,0,1,0
151640,0,1,0
151640,0,1,0
151640,0,1,0
151640,0,1,0
151640,0,1,0
151640,0,1,0
151640,0,1,0
151640,0,1,0
151640,0,1,-0.033
151640,0,1,-0.066
151640,0,1,-0.099
151640,0,1,-0.133
151640,0,1,-0.166
151640,0,1,-0.199
151640,0,1,-0.166
151640,0,1,-0.132
151640,0,1,-0.099
151640,0,1,-0.066
151640,0,1,-0.033
151640,0,1,0
151640,0,1,0
151640,0,1,0
151640,0,1,0
151640,0,1,0
151640,0,1,0
151640,0,1,0
151640,0,1,0
151641,0,1,0
151641,0,1,0
151641,0,1,0
151641,0,1,0
151641,0,1,0
151641,0,1,0
151641,0,1,0
151641,0,1,0
151641,0,1,0
151641,0,1,0
151641,0,1,0
151641,0,1,0
151641,0,1,0
151641,0,1,0.0326
151641,0,1,0.0652
151641,0,1,0.0977
151641,0,1,0.1302
151641,0,1,0.1626
151641,0,1,0.13
151641,0,1,0.0974
151641,0,1,0.0649
151641,0,1,0.0324
151641,0,1,0
151641,0,1,0
151641,0,1,0
151641,0,1,0
151641,0,1,0
151641,0,1,0
151641,0,1,0
151641,0,1,0
151642,0,1,0
151642,0,1,0
151642,0,1,0
151642,0,1,0
151642,0,1,0.0321
151642,0,1,0.0642
151642,0,1,0.0963
151642,0,1,0.0641
151642,0,1,0.032
151642,0,1,0
151642,0,1,0
151642,0,1,0
151642,0,1,0
151642,0,1,0
151642,0,1,0
151642,0,1,0
151642,0,1,0
151642,0,1,0
151642,0,1,0
151642,0,1,0
151642,0,1,0
151642,0,1,0
151642,0,1,0
151642,0,1,0
151642,0,1,0
151642,0,1,0
151642,0,1,0
151642,0,1,0
151642,0,1,0
151642,0,1,0
151643,0,1,0
151643,0,1,0
151643,0,1,0
151643,0,1,0
151643,0,1,0
151643,0,1,0
151643,0,1,0
151643,0,1,0
151643,0,1,0
151643,0,1,0
151643,0,1,0
151643,0,1,0
151643,0,1,0
151643,0,1,0
151643,0,1,0
151643,0,1,0
151643,0,1,0
151643,0,1,0
151643,0,1,0
151643,0,1,0
151643,0,1,0
151643,0,1,0
151643,0,1,0
151643,0,1,0
151643,0,1,0
151643,0,1,0
151643,0,1,0
151643,0,1,0
151643,0,1,0
151643,0,1,-0.03
151644,0,1,-0.061
151644,0,1,-0.092
151644,0,1,-0.123
151644,0,1,-0.154
151644,0,1,-0.185
151644,0,1,-0.154
151644,0,1,-0.123
151644,0,1,-0.092
151644,0,1,-0.061
151644,0,1,-0.03
151644,0,1,0
151644,0,1,0
151644,0,1,0
151644,0,1,0
151644,0,1,0
151644,0,1,0
151644,0,1,0
151644,0,1,0
151644,0,1,0
151644,0,1,0
151644,0,1,0
151644,0,1,0.0306
151644,0,1,0.0611
151644,0,1,0.0917
151644,0,1,0.1222
151644,0,1,0.0916
151644,0,1,0.061
151644,0,1,0.0305
151644,0,1,0
151644,0,1,0
151645,0,1,0
151645,0,1,0
151645,0,1,0
151645,0,1,0
151645,0,1,0
151645,0,1,0
151645,0,1,0
151645,0,1,0
151645,0,1,0
151645,0,1,0
151645,0,1,0
151645,0,1,0
151645,0,1,0
151645,0,1,0
151645,0,1,0
151645,0,1,0
151645,0,1,0
151645,0,1,0
151645,0,1,0
151645,0,1,0
151645,0,1,0
151645,0,1,-0.03
151645,0,1,-0.06
151645,0,1,-0.09
151645,0,1,-0.12
151645,0,1,-0.15
151645,0,1,-0.12
151645,0,1,-0.09
151645,0,1,-0.06
151645,0,1,-0.03
151646,0,1,0
151646,0,1,0
151646,0,1,0
151646,0,1,0
151646,0,1,0
151646,0,1,0
151646,0,1,0
151646,0,1,0
151646,0,1,0.0299
151646,0,1,0.0598
151646,0,1,0.0896
151646,0,1,0.1195
151646,0,1,0.1493
151646,0,1,0.179
151646,0,1,0.1491
151646,0,1,0.1192
151646,0,1,0.0894
151646,0,1,0.0595
151646,0,1,0.0297
151646,0,1,0
151646,0,1,0
151646,0,1,0
151646,0,1,0
151646,0,1,0
151646,0,1,0
151646,0,1,0
151646,0,1,0
151646,0,1,0
151646,0,1,0
151646,0,1,0
151647,0,1,0
151647,0,1,0
151647,0,1,0
151647,0,1,0
151647,0,1,0
151647,0,1,0
151647,0,1,0
151647,0,1,0
151647,0,1,0
151647,0,1,0
151647,0,1,0
151647,0,1,0
151647,0,1,0
151647,0,1,0
151647,0,1,0
151647,0,1,0
151647,0,1,0
151647,0,1,0
151647,0,1,0
151647,0,1,0
151647,0,1,0
151647,0,1,0
151647,0,1,0
151647,0,1,0
151647,0,1,0
151647,0,1,0
151647,0,1,0
151647,0,1,0
151647,0,1,0
151647,0,1,0
151648,0,1,0
151648,0,1,0
151648,0,1,0
151648,0,1,0
151648,0,1,0
151648,0,1,0
151648,0,1,0
151648,0,1,0
151648,0,1,0
151648,0,1,0
151648,0,1,0
151648,0,1,0
151648,0,1,0
151648,0,1,0
151648,0,1,0
151648,0,1,0
151648,0,1,0
151648,0,1,0
151648,0,1,0
151648,0,1,0.0289
151648,0,1,0.0578
151648,0,1,0.0867
151648,0,1,0.1156
151648,0,1,0.1444
151648,0,1,0.1732
151648,0,1,0.202
151648,0,1,0.1731
151648,0,0.9666,0.1442
151648,0,0.9333,0.1153
151648,0,0.9,0.0864
151649,0,0.8666,0.0576
151649,0,0.8333,0.0287
151649,0,0.8,0
151649,0,0.7666,0
151649,0,0.7333,0
151649,0,0.7,0
151649,0,0.6666,0
151649,0,0.6333,0
151649,0,0.6,0
151649,0,0.5666,0
151649,0,0.5333,0
151649,0,0.5,0
151649,0,0.4666,0
151649,0,0.4333,0
151649,0,0.4,0
151649,0,0.3666,0
151649,0,0.3333,0
151649,0,0.3,0
151649,0,0.2666,0
151649,0,0.2333,0
151649,0,0.2,0.0286
151649,0,0.1666,0.0573
151649,0,0.1333,0.0859
151649,0,0.1,0.1146
151649,0,0.0666,0.1433
151649,0,0.0333,0.172
151649,0,0,0.2007
151649,0,0,0.2295
151649,0,0,0.2582
151649,0,0,0.287
151650,0,0,0.2583
151650,0,0,0.2297
151650,0,0,0.201
151650,0,0,0.1723
151650,0,0,0.1437
151650,0,0,0.1149
151650,0,0,0.0862
151650,0,0,0.0575
151650,0,0,0.0287
151650,0,0,0
151650,0,0,0
151650,0,0,0
151650,0,0,0
151650,0,0,0
151650,0,0,0
151650,0,0,0
151650,0,0,0
151650,0,0,0
151650,0,0,0
151650,0,0,0
151650,0,0,0
151650,0,0,0
151650,0,0,0
151650,0,0,0
151650,0,0,0.0288
151650,0,0,0.0578
151650,0,0,0.0867
151650,0,0,0.1156
151650,0,0,0.1446
151650,0,0,0.1735
151651,0,0,0.2025
151651,0,0,0.2315
151651,0,0,0.2605
151651,0,0,0.2316
151651,0,0,0.2027
151651,0,0,0.1738
151651,0,0,0.1449
151651,0,0,0.1159
151651,0,0,0.0869
151651,0,0,0.058
151651,0,0,0.029
151651,0,0,0
151651,0,0,0
151651,0,0,0
151651,0,0,0
151651,0,0,0
151651,0,0,0
151651,0,0,0
151651,0,0,0
151651,0,0,0
151651,0,0,0
151651,0,0,0
151651,0,0,0
151651,0,0,0
151651,0,0,0
151651,0,0,0
151651,0,0,0
151651,0,0,0
151651,0,0,0
151651,0,0,0
151652,0,0,0.0291
151652,0,0,0.0583
151652,0,0,0.0875
151652,0,0,0.1167
151652,0,0,0.0875
151652,0,0,0.0583
151652,0,0,0.0292
151652,0,0,0
151652,0,0,0
151652,0,0,0
151652,0,0,0
151652,0,0,0
151652,0,0,0
151652,0,0,0
151652,0,0,0
151652,0,0,0
151652,0,0,0
151652,0,0,0
151652,0,0,0
151652,0,0,-0.029
151652,0,0,-0.058
151652,0,0,-0.087
151652,0,0,-0.117
151652,0,0,-0.146
151652,0,0,-0.176
151652,0,0,-0.205
151652,0,0,-0.234
151652,0,0,-0.264
151652,0,0,-0.234
151652,0,0,-0.205
151653,0,0,-0.176
151653,0,0,-0.146
151653,0,0,-0.117
151653,0,0,-0.088
151653,0,0,-0.117
151653,0,0,-0.147
151653,0,0,-0.176
151653,0,0,-0.206
151653,0,0,-0.235
151653,0,0,-0.265
151653,0,0,-0.294
151653,0,0,-0.324
151653,0,0,-0.353
151653,0,0,-0.383
151653,0,0,-0.353
151653,0,0,-0.324
151653,0,0,-0.295
151653,0,0,-0.265
151653,0,0,-0.236
151653,0,0,-0.206
151653,0,0,-0.177
151653,0,0,-0.147
151653,0,0,-0.118
151653,0,0,-0.088
151653,0,0,-0.059
151653,0,0,-0.029
151653,0,0,0
151653,0,0,0
151653,0,0,0
151653,0,0,0.0295
151654,0,0,0.0592
151654,0,0,0.0888
151654,0,0,0.1184
151654,0,0,0.0888
151654,0,0,0.0592
151654,0,0,0.0296
151654,0,0,0
151654,0,0,0
151654,0,0,0
151654,0,0,0
151654,0,0,0
151654,0,0,0
151654,0,0,-0.029
151654,0,0,-0.059
151654,0,0,-0.089
151654,0,0,-0.118
151654,0,0,-0.148
151654,0,0,-0.178
151654,0,0,-0.208
151654,0,0,-0.178
151654,0,0,-0.148
151654,0,0,-0.119
151654,0,0,-0.089
151654,0,0,-0.059
151654,0,0,-0.029
151654,0,0,0
151654,0,0,0
151654,0,0,0
151654,0,0,0
151654,0,0,0
151655,0,0,0
151655,0,0,0
151655,0,0,0
151655,0,0,0
151655,0,0,0.0298
151655,0,0,0.0597
151655,0,0,0.0895
151655,0,0,0.1194
151655,0,0,0.1493
151655,0,0,0.1195
151655,0,0,0.0896
151655,0,0,0.0597
151655,0,0,0.0299
151655,0,0,0
151655,0,0,0
151655,0,0,0
151655,0,0,0
151655,0,0,0
151655,0,0,0
151655,0,0,0
151655,0,0,0
151655,0,0,0
151655,0,0.0333,0
151655,0,0.0666,0
151655,0,0.1,0
151655,0,0.1333,0
151655,0,0.1666,0
151655,0,0.2,0
151655,0,0.2333,0
151655,0,0.2,0
151656,0,0.1666,0
151656,0,0.1333,0
151656,0,0.1,0
151656,0,0.0666,0
151656,0,0.0333,0
151656,0,0,0
151656,0,0,0
151656,0,0,0
151656,0,0,0
151656,0,0,0
151656,0,0,0
151656,0,0,0
151656,0,0,0
151656,0,0,0
151656,0,0,0
151656,0,0,0
151656,0,0,0
151656,0,0,0
151656,0,0,0
151656,0,0,0
151656,0,0,0
151656,0,0,0
151656,0,0,0
151656,0,0,0
151656,0.3333,0,0
151656,0.6666,0,0
151656,1,0,0
151656,1.3333,0,0
151656,1.6666,0,0
151656,2,0,0
151657,2.3333,0,0
151657,2.6666,0,0
151657,3,0,0
151657,3.3333,0,0
151657,3,0,0
151657,2.6666,0,0
151657,2.3333,0,0
151657,2,0,0
151657,1.6666,0,0
151657,1.3333,0,0
151657,1,0,0
151657,0.6666,0,0
151657,0.3333,0,0
151657,0,0,0
151657,0,0,0
151657,0,0,0
151657,0,0,0
151657,0,0,0
151657,0,0,0
151657,0,0,0
151657,0,0,0
151657,0,0,0
151657,0,0,0
151657,0,0,0
151657,0,0,0
151657,0,0,-0.031
151657,0,0,-0.063
151657,0,0,-0.094
151657,0,0,-0.126
151657,0,0,-0.158
151658,0,0,-0.189
151658,0,0,-0.221
151658,0,0,-0.253
151658,0,0,-0.285
151658,0,0,-0.316
151658,0,0,-0.348
151658,0,0,-0.38
151658,0,0,-0.411
151658,0,0.0333,-0.443
151658,0,0.0666,-0.475
151658,0,0.1,-0.507
151658,0,0.1333,-0.539
151658,0,0.1666,-0.57
151658,0,0.2,-0.602
151658,0,0.2333,-0.634
151658,0,0.2666,-0.666
151658,0,0.3,-0.698
151658,0,0.3333,-0.666
151658,0,0.3666,-0.635
151658,0,0.4,-0.603
151658,0,0.4333,-0.571
151658,0,0.4666,-0.539
151658,0,0.5,-0.507
151658,0,0.5333,-0.476
151658,0,0.5666,-0.444
151658,0,0.6,-0.412
151658,0,0.6333,-0.38
151658,0,0.6666,-0.348
151658,0,0.7,-0.317
151658,0,0.7333,-0.285
151659,0,0.7666,-0.253
151659,0,0.8,-0.221
151659,0,0.8333,-0.19
151659,0,0.8666,-0.158
151659,0,0.9,-0.126
151659,0,0.9333,-0.095
151659,0,0.9666,-0.063
151659,0,1,-0.031
151659,0,1,0
151659,0,1,0.0316
151659,0,1,0.0632
151659,0,1,0.0948
151659,0,0.9666,0.1263
151659,0,0.9333,0.1578
151659,0,0.9,0.1893
151659,0,0.8666,0.2208
151659,0,0.8333,0.2522
151659,0,0.8,0.2205
151659,0,0.7666,0.1889
151659,0,0.7333,0.1574
151659,0,0.7,0.1258
151659,0,0.6666,0.0943
151659,0,0.6333,0.1257
151659,0,0.6,0.1571
151659,0,0.5666,0.1884
151659,0,0.5333,0.2197
151659,0,0.5,0.251
151659,0,0.4666,0.2823
151659,0,0.4333,0.3136
151659,0,0.4,0.3449
151700,0,0.3666,0.3762
151700,0,0.3333,0.4075
151700,0,0.3,0.4388
151700,0,0.2666,0.4702
151700,0,0.2333,0.5015
151700,0,0.2,0.5329
151700,0,0.1666,0.5644
151700,0,0.1333,0.5958
151700,0,0.1,0.6273
151700,0,0.0666,0.6588
151700,0,0.0333,0.6902
151700,0,0,0.7218
151700,0,0,0.6905
151700,0,0,0.6593
151700,0,0,0.628
151700,0,0,0.5968
151700,0,0,0.5655
151700,0,0,0.5342
151700,0,0,0.5029
151700,0,0,0.4716
151700,0,0,0.4402
151700,0,0,0.4089
151700,0,0,0.3775
151700,0,0,0.3461
151700,0,0,0.3147
151700,0,0,0.2833
151700,0,0,0.2519
151700,0,0,0.2205
151700,0,0,0.189
151700,0,0,0.1575
151701,0,0,0.126
151701,0,0,0.0945
151701,0,0,0.063
151701,0,0,0.0315
151701,0,0,0
151701,0,0,0
151701,0,0,0
151701,0,0,0
151701,0,0,0
151701,0,0,0
151701,0,0,0
151701,0,0,0
151701,0,0,0
151701,0,0,0
151701,0,0,0
151701,0,0,0
151701,0,0,0
151701,0,0,0.0316
151701,0,0,0.0632
151701,0,0,0.0949
151701,0,0,0.1265
151701,0,0,0.1582
151701,0,0,0.1899
151701,0,0,0.2216
151701,0,0,0.2533
151701,0,0,0.285
151701,0,0,0.3167
151701,0,0,0.2851
151701,0,0,0.2535
151701,0,0,0.2218
151702,0,0,0.1902
151702,0,0,0.1585
151702,0,0,0.1268
151702,0,0,0.0951
151702,0,0,0.0634
151702,0,0,0.0317
151702,0,0,0
151702,0,0,0
151702,0,0,0
151702,0,0,0
151702,0,0,0
151702,0,0,0
151702,0,0,0
151702,0,0,0
151702,0,0,0
151702,0,0,0
151702,0,0,0
151702,0,0,-0.031
151702,0,0,-0.063
151702,0,0,-0.095
151702,0,0,-0.127
151702,0,0,-0.159
151702,0,0,-0.191
151702,0,0,-0.222
151702,0,0,-0.254
151702,0,0,-0.286
151702,0,0,-0.318
151702,0,0,-0.35
151702,0,0,-0.382
151702,0,0,-0.414
151703,0,0,-0.382
151703,0,0,-0.35
151703,0,0,-0.318
151703,0,0,-0.287
151703,0,0,-0.255
151703,0,0,-0.223
151703,0,0,-0.191
151703,0,0,-0.159
151703,0,0,-0.127
151703,0,0,-0.095
151703,0,0,-0.063
151703,0,0,-0.031
151703,0,0,0
151703,0,0,0
151703,0,0,0
151703,0,0,0
151703,0,0,0
151703,0,0,0
151703,0,0,0
151703,0,0,0
151703,0,0,0
151703,0,0,0
151703,0,0,0
151703,0,0,0
151703,0,0,0
151703,0,0,0
151703,0,0,-0.032
151703,0,0,-0.064
151703,0,0,-0.096
151703,0,0,-0.128
151704,0,0,-0.16
151704,0,0,-0.128
151704,0,0,-0.096
151704,0,0,-0.064
151704,0,0,-0.032
151704,0,0,0
151704,0,0,0
151704,0,0,0
151704,0,0,0
151704,0,0,0
151704,0,0,0
151704,0,0,0
151704,0,0,0
151704,0,0,0
151704,0,0,0
151704,0,0,0.0321
151704,0,0,0.0643
151704,0,0,0.0964
151704,0,0,0.1286
151704,0,0,0.0965
151704,0,0,0.0643
151704,0,0,0.0321
151704,0,0,0
151704,0,0,0
151704,0,0,0
151704,0,0,0
151704,0,0,0
151704,0,0,0
151704,0,0,0
151704,0,0,0
151705,0,0.0333,0
151705,0,0.0666,0
151705,0,0.1,0
151705,0,0.0666,0
151705,0,0.0333,0
151705,0,0,0
151705,0,0,0
151705,0,0,0
151705,0,0,0
151705,0,0,0
151705,0,0,0
151705,0,0,0
151705,0,0,0
151705,0,0,0
151705,0,0,0
151705,0,0,0
151705,0,0,0
151705,0,0,0
151705,0,0,0
151705,0,0,0
151705,0,0,0
151705,0,0,0
151705,0,0,0
151705,0,0,0
151705,0,0,0
151705,0,0,0
151705,0,0,0
151705,0,0,0
151705,0,0,0
151705,0,0,0
151706,0,0,0
151706,0,0,0
151706,0,0,0
151706,0,0,-0.032
151706,0,0,-0.064
151706,0,0,-0.097
151706,0,0,-0.064
151706,0,0,-0.032
151706,0,0,0
151706,0,0,0
151706,0,0,0
151706,0,0,0
151706,0,0,0
151706,0,0,0
151706,0,0,0
151706,0,0,0
151706,0,0,0
151706,0,0,0
151706,0,0,0
151706,0,0,0
151706,0,0,0
151706,0,0,0
151706,0,0,0
151706,0,0,0
151706,0,0,0
151706,0.3333,0,0
151706,0.6666,0,0
151706,1,0,0
151706,1.3333,0,0
151706,1.6666,0,0
151707,2,0,0
151707,2.3333,0,0
151707,2.6666,0,0
151707,3,0,0
151707,3.3333,0,0
151707,3.6666,0,0
151707,4,0,0
151707,4.3333,0,0
151707,4.6666,0,0
151707,5,0,0
151707,5.3333,0,0
151707,5.6666,0,0
151707,6,0,0
151707,6.3333,0,0
151707,6.6666,0,0
151707,7,0,0
151707,7.3333,0,0
151707,7.6666,0,0
151707,8,0,0
151707,8.3333,0,0
151707,8.6666,0,0
151707,8.3333,0,0
151707,8,0,0
151707,7.6666,0,0
151707,7.3333,0.0333,0
151707,7,0.0666,0
151707,6.6666,0.1,0
151707,6.3333,0.1333,0
151707,6,0.1666,0
151707,5.6666,0.2,0
151708,5.3333,0.2333,0
151708,5,0.2666,0
151708,4.6666,0.3,0
151708,4.3333,0.3333,0
151708,4,0.3666,0
151708,3.6666,0.4,0
151708,3.3333,0.4333,0
151708,3,0.4666,0
151708,2.6666,0.5,0
151708,2.3333,0.5333,0
151708,2,0.5666,0
151708,1.6666,0.6,0
151708,1.3333,0.6333,0
151708,1,0.6666,0
151708,0.6666,0.7,0
151708,0.3333,0.7333,0
151708,0,0.7666,0
151708,0,0.8,0
151708,0,0.8333,0
151708,0,0.8666,0
151708,0,0.9,0
151708,0,0.9333,0
151708,0,0.9666,0
151708,0,1,0
151708,0,1,0
151708,0,1,0
151708,0,1,0
151708,0,1,0
151708,0,1,0
151708,0,1,0
151709,0,1,0
151709,0,1,0
151709,0,1,0
151709,0,1,0
151709,0,1,0
151709,0,1,0
151709,0,1,0
151709,0,1,0
151709,0,1,0
151709,0,1,0
151709,0,1,0
151709,0,1,0
151709,0,1,0
151709,0,1,0
151709,0,1,0
151709,0,1,0
151709,0,1,0
151709,0,1,0
151709,0,1,0
151709,0,1,0
151709,0,1,0
151709,0,1,0
151709,0,1,0
151709,0,1,0
151709,0,1,0
151709,0,1,0
151709,0,1,0
151709,0,1,0
151709,0,1,0
151709,0,1,0
151710,0,1,0
151710,0,1,0
151710,0,1,0
151710,0,1,0
151710,0,1,0
151710,0,1,0
151710,0,1,0
151710,0,1,0
151710,0,1,0
151710,0,1,0
151710,0,1,0
151710,0,1,0
151710,0,1,0
151710,0,1,0
151710,0,1,0
151710,0,1,0
151710,0,1,0
151710,0,1,0
151710,0,1,0
151710,0,1,0
151710,0,1,0
151710,0,1,0
151710,0,1,0
151710,0,1,0
151710,0,1,0
151710,0,1,0
151710,0,1,0
151710,0,1,0
151710,0,1,0
151710,0,1,0
151711,0,1,0
151711,0,1,0
151711,0,1,0
151711,0,1,0
151711,0,1,0
151711,0,1,0
151711,0,1,0
151711,0,1,0
151711,0,1,0
151711,0,1,0
151711,0,1,0
151711,0,1,0
151711,0,1,0
151711,0,1,0
151711,0,1,0
151711,0,1,0
151711,0,1,0
151711,0,1,0
151711,0,1,0
151711,0,1,0
151711,0,1,0
151711,0,1,0
151711,0,1,0
151711,0,1,0
151711,0,1,0
151711,0,1,0
151711,0,1,0
151711,0,1,0
151711,0,1,0
151711,0,1,0
151712,0,1,0
151712,0,1,0
151712,0,1,0
151712,0,1,0
151712,0,1,0
151712,0,1,0
151712,0,1,0
151712,0,1,0
151712,0,1,0
151712,0,1,0
151712,0,1,0
151712,0,1,0
151712,0,1,0
151712,0,1,0
151712,0,1,0
151712,0,1,0
151712,0,1,0
151712,0,1,0
151712,0,1,0
151712,0,1,0
151712,0,1,0
151712,0,1,0
151712,0,1,0
151712,0,1,0
151712,0,1,0
151712,0,1,0
151712,0,1,0
151712,0,1,0
151712,0,1,0
151712,0,1,0
151713,0,1,0
151713,0,1,0
151713,0,1,0
151713,0,1,0
151713,0,1,0
151713,0,1,0
151713,0,1,0
151713,0,1,0
151713,0,1,0
151713,0,1,0
151713,0,1,0
151713,0,1,0
151713,0,1,0
151713,0,1,0
151713,0,1,0
151713,0,1,0
151713,0,1,0
151713,0,1,0
151713,0,1,0
151713,0,1,0
151713,0,1,0
151713,0,1,0
151713,0,1,0
151713,0,1,0
151713,0,1,0
151713,0,1,0
151713,0,1,0
151713,0,1,0
151713,0,1,0
151713,0,1,0
151714,0,1,0
151714,0,1,0
151714,0,1,0
151714,0,1,0
151714,0,1,0
151714,0,1,0
151714,0,1,0
151714,0,1,0
151714,0,1,0
151714,0,1,0
151714,0,1,0
151714,0,1,0
151714,0,1,0
151714,0,1,0
151714,0,1,0
151714,0,1,0
151714,0,1,0
151714,0,1,0
151714,0,1,0
151714,0,1,0
151714,0,1,0
151714,0,1,0
151714,0,1,0
151714,0,1,0
151714,0,1,0
151714,0,1,0
151714,0,1,0
151714,0,1,0
151714,0,1,0
151714,0,1,0
151715,0,1,0
151715,0,1,0
151715,0,1,0
151715,0,1,0
151715,0,1,0
151715,0,1,0
151715,0,1,0
151715,0,1,0
151715,0,1,0
151715,0,1,0
151715,0,1,0
151715,0,1,0
151715,0,1,0
151715,0,1,0
151715,0,1,0
151715,0,1,0
151715,0,1,0
151715,0,1,0
151715,0,1,0
151715,0,1,0
151715,0,1,0
151715,0,1,0
151715,0,1,0
151715,0,1,0
151715,0,1,0
151715,0,1,0
151715,0,1,0
151715,0,1,0
151715,0,1,0
151715,0,1,0
151716,0,1,0
151716,0,1,0
151716,0,1,0
151716,0,1,0
151716,0,1,0
151716,0,1,0
151716,0,1,0
151716,0,1,0
151716,0,1,0
151716,0,1,0
151716,0,1,0
151716,0,1,0
151716,0,1,0
151716,0,1,0
151716,0,1,0
151716,0,1,0
151716,0,1,0
151716,0,1,0
151716,0,1,0
151716,0,1,0
151716,0,1,0
151716,0,1,0
151716,0,1,0
151716,0,1,0
151716,0,1,0
151716,0,1,0
151716,0,1,0
151716,0,1,0
151716,0,1,0
151716,0,1,0
151717,0,1,0
151717,0,1,0
151717,0,1,0
151717,0,1,0
151717,0,0.9666,0
151717,0,0.9333,0
151717,0,0.9,-0.031
151717,0,0.8666,-0.062
151717,0,0.8333,-0.094
151717,0,0.8,-0.125
151717,0,0.7666,-0.156
151717,0,0.7333,-0.187
151717,0,0.7,-0.219
151717,0,0.6666,-0.25
151717,0,0.6333,-0.281
151717,0,0.6,-0.312
151717,0,0.5666,-0.343
151717,0,0.5333,-0.374
151717,0,0.5,-0.343
151717,0,0.4666,-0.312
151717,0,0.4333,-0.28
151717,0,0.4,-0.249
151717,0,0.3666,-0.218
151717,0,0.3333,-0.187
151717,0,0.3,-0.155
151717,0,0.2666,-0.124
151717,0,0.2333,-0.093
151717,0,0.2,-0.062
151717,0,0.1666,-0.031
151717,0,0.1333,0
151718,0,0.1,0
151718,0,0.0666,0
151718,0,0.0333,0
151718,0,0,0
151718,0,0,0
151718,0,0,0
151718,0,0,0
151718,0,0,0
151718,0,0,0
151718,0,0,0
151718,0,0,0
151718,0,0,0
151718,0,0,0
151718,0,0,0
151718,0,0,0
151718,0,0,0
151718,0,0,0
151718,0,0,0
151718,0,0,0
151718,0.3333,0,0
151718,0.6666,0,0
151718,1,0,0
151718,1.3333,0,0
151718,1.6666,0,0
151718,2,0,0
151718,1.6666,0,0
151718,1.3333,0,0
151718,1,0,0
151718,0.6666,0,0
151718,0.3333,0,0
151719,0,0,0
151719,0,0,0
151719,0,0,0
151719,0,0,0
151719,0,0,0
151719,0,0,0
151719,0,0,0
151719,0,0,0
151719,0,0,0
151719,0,0,0
151719,0,0,0
151719,0,0,0
151719,0,0,0
151719,0.3333,0,0
151719,0.6666,0,0
151719,1,0,0
151719,1.3333,0,0
151719,1.6666,0,0
151719,2,0,0
151719,2.3333,0,0
151719,2.6666,0,0
151719,3,0,0
151719,3.3333,0,0
151719,3,0,0
151719,2.6666,0,0
151719,2.3333,0,0
151719,2,0,0
151719,1.6666,0,0
151719,1.3333,0,0
151719,1,0,0
151720,0.6666,0,0
151720,0.3333,0,0
151720,0,0,0
151720,0,0,0
151720,0,0,0
151720,0,0,0.0333
151720,0,0,0.0668
151720,0,0,0.1004
151720,0,0,0.1341
151720,0,0,0.1681
151720,0,0,0.2022
151720,0,0,0.2365
151720,0,0,0.2708
151720,0,0,0.3053
151720,0,0,0.3397
151720,0,0,0.3743
151720,0,0,0.4088
151720,0,0,0.4433
151720,0,0,0.4779
151720,0,0,0.4441
151720,0,0,0.4103
151720,0,0,0.3764
151720,0,0.0333,0.3424
151720,0,0.0666,0.3084
151720,0,0.1,0.2744
151720,0,0.1333,0.2403
151720,0,0.1666,0.2061
151720,0,0.2,0.1719
151720,0,0.2333,0.1376
151720,0,0.2,0.1033
151721,0,0.1666,0.0689
151721,0,0.1333,0.0344
151721,0,0.1,0
151721,0,0.0666,0
151721,0,0.0333,0
151721,0,0,0
151721,0,0,0
151721,0,0,0
151721,0,0,0
151721,0,0,-0.034
151721,0,0,-0.069
151721,0,0,-0.104
151721,0,0,-0.139
151721,0,0,-0.174
151721,0,0,-0.209
151721,0,0,-0.244
151721,0,0,-0.209
151721,0,0,-0.175
151721,0,0,-0.14
151721,0,0,-0.105
151721,0,0,-0.07
151721,0,0,-0.035
151721,0,0.0333,0
151721,0,0.0666,0
151721,0,0.1,0
151721,0,0.1333,0
151721,0,0.1666,0
151721,0,0.2,0
151721,0,0.2333,0
151721,0,0.2,0
151722,0,0.1666,0
151722,0,0.1333,0
151722,0,0.1,0
151722,0,0.1333,0
151722,0,0.1666,0
151722,0,0.2,0
151722,0,0.2333,0
151722,0,0.2666,0
151722,0,0.3,0
151722,0,0.3333,0
151722,0,0.3666,0
151722,0,0.4,0
151722,0,0.4333,0
151722,0,0.4666,0
151722,0,0.5,0
151722,0,0.5333,0
151722,0,0.5,0
151722,0,0.4666,0
151722,0,0.4333,0
151722,0,0.4,0
151722,0,0.3666,0
151722,0,0.3333,0
151722,0,0.3,0
151722,0,0.2666,0
151722,0,0.3,0
151722,0,0.3333,0
151722,0,0.3666,0
151722,0,0.4,0
151722,0,0.4333,0
151722,0,0.4666,0
151723,0,0.5,0
151723,0,0.5333,0
151723,0,0.5666,0
151723,0,0.6,0
151723,0,0.6333,0
151723,0,0.6,0
151723,0,0.5666,0
151723,0,0.5333,0
151723,0,0.5,0
151723,0,0.4666,0
151723,0,0.4333,0
151723,0,0.4,0
151723,0,0.3666,0
151723,0,0.3333,0
151723,0,0.3,0
151723,0,0.3333,0
151723,0,0.3666,0
151723,0,0.4,0
151723,0,0.4333,0
151723,0,0.4666,0
151723,0,0.5,0
151723,0,0.5333,0
151723,0,0.5666,0
151723,0,0.6,0
151723,0,0.6333,0
151723,0,0.6666,0
151723,0,0.7,0
151723,0,0.7333,0
151723,0,0.7666,0
151723,0,0.8,0
151724,0,0.8333,0
151724,0,0.8666,0
151724,0,0.9,0
151724,0,0.9333,0
151724,0,0.9666,0
151724,0,1,0
151724,0,1,0
151724,0,1,-0.033
151724,0,1,-0.066
151724,0,1,-0.099
151724,0,1,-0.133
151724,0,1,-0.099
151724,0,1,-0.066
151724,0,1,-0.033
151724,0,1,0
151724,0,1,0
151724,0,1,0
151724,0,1,0
151724,0,1,0
151724,0,1,0
151724,0,1,0
151724,0,1,0
151724,0,1,0
151724,0,1,0
151724,0,1,0
151724,0,1,0
151724,0,1,0
151724,0,1,0
151724,0,1,0.0329
151724,0,0.9666,0.0658
151725,0,0.9333,0.0987
151725,0,0.9,0.1315
151725,0,0.8666,0.1643
151725,0,0.8333,0.1971
151725,0,0.8,0.2298
151725,0,0.7666,0.1969
151725,0,0.7333,0.164
151725,0,0.7,0.1311
151725,0,0.6666,0.0983
151725,0,0.6333,0.0655
151725,0,0.6,0.0327
151725,0,0.5666,0
151725,0,0.5333,0
151725,0,0.5,0
151725,0,0.4666,0
151725,0,0.4333,-0.032
151725,0,0.4,-0.065
151725,0,0.3666,-0.097
151725,0,0.3333,-0.13
151725,0,0.3,-0.163
151725,0,0.2666,-0.195
151725,0,0.2333,-0.228
151725,0,0.2,-0.261
151725,0,0.1666,-0.293
151725,0,0.1333,-0.326
151725,0,0.1,-0.359
151725,0,0.0666,-0.392
151725,0,0.0333,-0.424
151725,0,0,-0.457
151725,0,0,-0.424
151726,0,0,-0.392
151726,0,0,-0.359
151726,0,0,-0.326
151726,0,0,-0.294
151726,0,0.0333,-0.261
151726,0,0.0666,-0.229
151726,0,0.1,-0.196
151726,0,0.1333,-0.163
151726,0,0.1666,-0.13
151726,0,0.2,-0.098
151726,0,0.2333,-0.065
151726,0,0.2,-0.032
151726,0,0.1666,0
151726,0,0.1333,0
151726,0,0.1,0.0327
151726,0,0.0666,0.0655
151726,0,0.0333,0.0982
151726,0,0,0.131
151726,0,0,0.1638
151726,0,0,0.1966
151726,0,0,0.2295
151726,0,0,0.2623
151726,0,0,0.2951
151726,0,0,0.328
151726,0,0,0.3608
151726,0,0,0.3281
151726,0,0,0.2953
151726,0,0,0.2625
151726,0,0,0.2298
151726,0,0,0.197
151727,0,0,0.1642
151727,0,0,0.1313
151727,0,0,0.0985
151727,0,0,0.0657
151727,0,0,0.0328
151727,0,0,0
151727,0,0.0333,0
151727,0,0.0666,0
151727,0,0.1,0
151727,0,0.1333,0
151727,0,0.1666,0
151727,0,0.1333,0
151727,0,0.1,0
151727,0,0.0666,0
151727,0,0.0333,0
151727,0,0,0
151727,0,0,0
151727,0,0,0
151727,0,0,0
151727,0,0.0333,0
151727,0,0.0666,0.0329
151727,0,0.1,0.0659
151727,0,0.1333,0.0988
151727,0,0.1,0.1318
151727,0,0.0666,0.1648
151727,0,0.0333,0.1978
151727,0,0,0.1648
151727,0,0,0.1319
151727,0,0,0.0989
151727,0,0,0.0659
151728,0,0,0.0329
151728,0,0,0
151728,0,0,0
151728,0,0,0
151728,0,0,0
151728,0,0,0
151728,0,0.0333,0
151728,0,0.0666,0
151728,0,0.1,0
151728,0,0.1333,0
151728,0,0.1,0
151728,0,0.0666,0
151728,0,0.0333,0
151728,0,0,0
151728,0,0,0
151728,0,0.0333,0
151728,0,0.0666,0
151728,0,0.1,0
151728,0,0.1333,0
151728,0,0.1666,0
151728,0,0.2,0
151728,0,0.2333,0
151728,0,0.2666,0
151728,0,0.3,0
151728,0,0.3333,0
151728,0,0.3666,0
151728,0,0.4,0
151728,0,0.4333,0
151728,0,0.4666,0
151728,0,0.5,0
151729,0,0.5333,0
151729,0,0.5666,0
151729,0,0.6,0
151729,0,0.6333,0
151729,0,0.6666,0
151729,0,0.7,0
151729,0,0.7333,0
151729,0,0.7666,0
151729,0,0.8,0
151729,0,0.8333,-0.033
151729,0,0.8666,-0.066
151729,0,0.9,-0.099
151729,0,0.9333,-0.132
151729,0,0.9666,-0.098
151729,0,1,-0.065
151729,0,1,-0.032
151729,0,1,0
151729,0,1,0
151729,0,1,0
151729,0,1,0
151729,0,1,0
151729,0,1,0
151729,0,1,0
151729,0,1,0
151729,0,1,0
151729,0,1,0
151729,0,1,0
151729,0,1,0
151729,0,1,0
151729,0,1,0
151730,0,1,0
151730,0,1,0
151730,0,1,0
151730,0,1,0
151730,0,1,0
151730,0,1,0
151730,0,1,0.0325
151730,0,1,0.0651
151730,0,1,0.0976
151730,0,1,0.1301
151730,0,1,0.0975
151730,0,1,0.065
151730,0,1,0.0324
151730,0,1,0
151730,0,1,0
151730,0,1,0
151730,0,1,0
151730,0,1,0
151730,0,1,0
151730,0,1,0
151730,0,1,0
151730,0,1,0
151730,0,1,0
151730,0,1,0
151730,0,1,0
151730,0,1,0
151730,0,1,0
151730,0,1,0
151730,0,1,0
151730,0,1,0
151731,0,1,-0.032
151731,0,1,-0.064
151731,0,1,-0.096
151731,0,1,-0.128
151731,0,1,-0.16
151731,0,1,-0.192
151731,0,1,-0.16
151731,0,1,-0.128
151731,0,1,-0.096
151731,0,1,-0.064
151731,0,1,-0.031
151731,0,1,0
151731,0,1,0
151731,0,1,0
151731,0,1,0
151731,0,1,0
151731,0,1,0
151731,0,1,0
151731,0,1,0
151731,0,1,0
151731,0,1,0
151731,0,1,0.0317
151731,0,1,0.0635
151731,0,1,0.0952
151731,0,1,0.1269
151731,0,1,0.0951
151731,0,1,0.0634
151731,0,1,0.0316
151731,0,1,0
151731,0,1,0
151732,0,1,0
151732,0,1,0
151732,0,1,0
151732,0,1,0
151732,0,1,0
151732,0,1,0
151732,0,1,0
151732,0,1,0
151732,0,1,0
151732,0,1,0
151732,0,1,0
151732,0,1,0
151732,0,1,0
151732,0,1,0
151732,0,1,0
151732,0,1,0
151732,0,1,0
151732,0,1,0
151732,0,1,0
151732,0,1,0
151732,0,1,0
151732,0,1,0
151732,0,1,0
151732,0,1,0
151732,0,1,0
151732,0,1,0
151732,0,1,0
151732,0,1,0
151732,0,1,0
151732,0,1,0
151733,0,1,0
151733,0,1,0
151733,0,1,0
151733,0,1,0
151733,0,1,0
151733,0,1,0
151733,0,1,0
151733,0,0.9666,0.031
151733,0,0.9333,0.062
151733,0,0.9,0.093
151733,0,0.8666,0.1239
151733,0,0.8333,0.1549
151733,0,0.8,0.1857
151733,0,0.7666,0.2166
151733,0,0.7333,0.1856
151733,0,0.7,0.1546
151733,0,0.6666,0.1236
151733,0,0.6333,0.0926
151733,0,0.6,0.0617
151733,0,0.5666,0.0308
151733,0,0.5333,0
151733,0,0.5,0
151733,0,0.4666,0
151733,0,0.4333,0
151733,0,0.4,0
151733,0,0.3666,0
151733,0,0.3333,0
151733,0,0.3,0
151733,0,0.2666,0
151733,0,0.2333,0
151734,0,0.2,0
151734,0,0.1666,0
151734,0,0.1333,0
151734,0,0.1,0
151734,0,0.0666,0.0308
151734,0,0.0333,0.0616
151734,0,0,0.0925
151734,0,0,0.0616
151734,0,0,0.0308
151734,0,0,0
151734,0,0,0
151734,0,0,0
151734,0,0,0
151734,0,0,0
151734,0,0,0
151734,0,0,0
151734,0,0,0
151734,0,0,0
151734,0,0,0
151734,0,0,0.0309
151734,0,0,0.0618
151734,0,0,0.0927
151734,0,0,0.1237
151734,0,0,0.0928
151734,0,0,0.0618
151734,0,0,0.0309
151734,0,0,0
151734,0,0,0
151734,0,0,0
151734,0,0,0
151735,0,0,0
151735,0,0,0
151735,0,0,0
151735,0,0,0
151735,0,0,0
151735,0,0,0
151735,0,0,0.031
151735,0,0,0.062
151735,0,0,0.0931
151735,0,0,0.1241
151735,0,0,0.1552
151735,0,0,0.1863
151735,0,0,0.2174
151735,0,0,0.2485
151735,0,0,0.2175
151735,0,0,0.1864
151735,0,0,0.1554
151735,0,0,0.1243
151735,0,0,0.0932
151735,0,0,0.0622
151735,0,0,0.0311
151735,0,0,0
151735,0,0,0
151735,0,0,0.0311
151735,0,0,0.0622
151735,0,0,0.0934
151735,0,0,0.1246
151735,0,0,0.0934
151735,0,0,0.0623
151735,0,0,0.0311
151736,0,0,0
151736,0,0,0
151736,0,0,-0.031
151736,0,0,-0.062
151736,0,0,-0.093
151736,0,0,-0.124
151736,0,0,-0.156
151736,0,0,-0.187
151736,0,0,-0.218
151736,0,0,-0.249
151736,0,0,-0.281
151736,0,0,-0.312
151736,0,0,-0.343
151736,0,0,-0.375
151736,0,0,-0.406
151736,0,0,-0.437
151736,0,0,-0.406
151736,0,0,-0.375
151736,0,0,-0.344
151736,0,0,-0.312
151736,0,0,-0.281
151736,0,0,-0.25
151736,0,0,-0.219
151736,0,0,-0.187
151736,0,0,-0.156
151736,0,0,-0.125
151736,0,0,-0.094
151736,0,0,-0.062
151736,0,0,-0.031
151736,0,0,0
151737,0,0,0.0313
151737,0,0,0.0627
151737,0,0,0.0941
151737,0,0,0.1255
151737,0,0,0.1569
151737,0,0,0.1883
151737,0,0,0.2198
151737,0,0,0.2512
151737,0,0,0.2827
151737,0,0,0.2513
151737,0,0,0.22
151737,0,0,0.1886
151737,0,0,0.1572
151737,0,0,0.1257
151737,0,0,0.0943
151737,0,0,0.0629
151737,0,0,0.0314
151737,0,0,0
151737,0,0,0
151737,0,0,0
151737,0,0,0.0314
151737,0,0,0.0629
151737,0,0,0.0945
151737,0,0,0.063
151737,0,0,0.0315
151737,0,0,0
151737,0,0,0
151737,0,0,0
151737,0,0,0
151737,0,0,0
151738,0,0,0
151738,0,0,0
151738,0,0,0
151738,0,0,0.0315
151738,0,0,0.0631
151738,0,0,0.0947
151738,0,0,0.1263
151738,0,0,0.1579
151738,0,0,0.1264
151738,0,0,0.0948
151738,0,0,0.0632
151738,0,0,0.0316
151738,0,0,0
151738,0,0,0
151738,0,0,0
151738,0,0,0
151738,0,0,0
151738,0,0,0
151738,0,0,0
151738,0,0,0
151738,0,0,0
151738,0,0,0
151738,0,0,0
151738,0,0,0
151738,0,0,0
151738,0,0,0
151738,0,0,0
151738,0,0,0
151738,0,0,0
151738,0,0,0
151739,0,0,0
151739,0,0,0
151739,0,0,0
151739,0,0,0
151739,0,0,0
151739,0,0,0
151739,0,0,0
151739,0,0,0
151739,0,0,0
151739,0,0,-0.031
151739,0,0,-0.063
151739,0,0,-0.095
151739,0,0,-0.127
151739,0,0,-0.159
151739,0,0,-0.19
151739,0,0,-0.222
151739,0,0,-0.254
151739,0,0,-0.286
151739,0,0,-0.318
151739,0,0,-0.286
151739,0,0,-0.254
151739,0,0,-0.223
151739,0,0,-0.191
151739,0,0,-0.159
151739,0,0,-0.127
151739,0,0,-0.095
151739,0,0,-0.063
151739,0,0,-0.031
151739,0,0,0
151739,0,0,0.0319
151740,0,0,0.0638
151740,0,0,0.0957
151740,0,0,0.1277
151740,0,0,0.1596
151740,0,0,0.1916
151740,0,0,0.2236
151740,0,0,0.2555
151740,0,0,0.2876
151740,0,0,0.2556
151740,0,0,0.2237
151740,0,0,0.1918
151740,0,0,0.1598
151740,0,0,0.1279
151740,0,0,0.0959
151740,0,0,0.0639
151740,0,0,0.032
151740,0,0,0
151740,0,0,-0.032
151740,0,0,-0.064
151740,0,0,-0.096
151740,0,0,-0.128
151740,0,0,-0.16
151740,0,0,-0.192
151740,0,0,-0.16
151740,0,0,-0.128
151740,0,0,-0.096
151740,0,0,-0.064
151740,0,0,-0.032
151740,0,0,0
151740,0,0,0
151741,0,0,0
151741,0,0,0
151741,0,0,0
151741,0,0,0
151741,0,0,0
151741,0,0,0
151741,0,0,0
151741,0,0,0
151741,0,0,0
151741,0,0,0
151741,0,0,0
151741,0,0,0
151741,0,0,0
151741,0,0,0
151741,0,0,0
151741,0.3333,0,0
151741,0.6666,0,0
151741,1,0,0
151741,1.3333,0,0
151741,1.6666,0,0
151741,2,0,0
151741,2.3333,0,0
151741,2,0,0
151741,1.6666,0,0
151741,1.3333,0,0
151741,1,0,0
151741,0.6666,0,0
151741,0.3333,0,0
151741,0,0,0
151741,0,0,0
151742,0,0,0
151742,0,0,0
151742,0,0,0
151742,0,0,0
151742,0,0,0
151742,0,0,0
151742,0,0,0
151742,0.3333,0,0
151742,0.6666,0,0
151742,1,0,0
151742,1.3333,0,0
151742,1.6666,0,0
151742,2,0,0
151742,2.3333,0,0
151742,2.6666,0,0
151742,3,0,0
151742,3.3333,0,0
151742,3.6666,0,0
151742,4,0,0
151742,4.3333,0,0
151742,4.6666,0,0
151742,5,0,0
151742,4.6666,0,0
151742,4.3333,0,0
151742,4,0,0
151742,3.6666,0,0
151742,3.3333,0,0
151742,3,0,0
151742,2.6666,0,0
151742,2.3333,0,0
151743,2,0,0
151743,1.6666,0,0
151743,1.3333,0,0
151743,1,0,0
151743,0.6666,0,0
151743,1,0,0
151743,1.3333,0,0
151743,1.6666,0,0
151743,2,0,0
151743,2.3333,0,0
151743,2.6666,0,0
151743,3,0,0
151743,3.3333,0,0
151743,3,0,0
151743,2.6666,0,0
151743,2.3333,0,0
151743,2,0,0
151743,1.6666,0,0
151743,1.3333,0,0
151743,1,0,0
151743,0.6666,0,0
151743,0.3333,0.0333,0
151743,0,0.0666,0
151743,0,0.1,0
151743,0,0.1333,0
151743,0,0.1666,0
151743,0,0.2,0
151743,0,0.2333,0
151743,0,0.2666,0
151743,0,0.3,0
151744,0,0.3333,0
151744,0,0.3666,0
151744,0,0.4,0
151744,0,0.4333,0
151744,0,0.4666,0
151744,0,0.5,0
151744,0,0.5333,0
151744,0,0.5666,0
151744,0,0.6,0
151744,0,0.6333,0
151744,0,0.6666,0
151744,0,0.7,0
151744,0,0.7333,0
151744,0,0.7666,0
151744,0,0.8,-0.054
151744,0,0.8333,-0.108
151744,0,0.8666,-0.162
151744,0,0.9,-0.215
151744,0,0.9333,-0.269
151744,0,0.9666,-0.321
151744,0,1,-0.267
151744,0,1,-0.213
151744,0,1,-0.159
151744,0,1,-0.106
151744,0,1,-0.052
151744,0,1,0
151744,0,1,0
151744,0,1,0
151744,0,1,0
151744,0,1,0
151745,0,1,0
151745,0,1,0
151745,0,1,0
151745,0,1,0.0514
151745,0,1,0.1024
151745,0,1,0.153
151745,0,1,0.1016
151745,0,1,0.0506
151745,0,1,0
151745,0,1,0
151745,0,1,0
151745,0,1,0
151745,0,1,0
151745,0,1,0
151745,0,1,0
151745,0,1,0
151745,0,1,0
151745,0,1,0
151745,0,1,0
151745,0,1,0
151745,0,1,0
151745,0,1,0
151745,0,1,0
151745,0,1,0
151745,0,1,0
151745,0,1,0
151745,0,1,0.047
151745,0,1,0.0937
151745,0,1,0.14
151745,0,1,0.186
151746,0,1,0.1389
151746,0,1,0.0922
151746,0,1,0.0459
151746,0,1,0
151746,0,1,0
151746,0,1,0
151746,0,1,0
151746,0,1,0
151746,0,1,0
151746,0,1,0
151746,0,1,0
151746,0,1,0
151746,0,1,0
151746,0,1,0
151746,0,1,0
151746,0,1,0
151746,0,1,0
151746,0,1,-0.043
151746,0,1,-0.086
151746,0,1,-0.128
151746,0,1,-0.085
151746,0,1,-0.042
151746,0,1,0
151746,0,1,0
151746,0,1,0
151746,0,1,0
151746,0,1,0
151746,0,1,0
151746,0,1,0
151746,0,1,0
151747,0,0.9666,0
151747,0,0.9333,0
151747,0,0.9,0
151747,0,0.8666,0
151747,0,0.8333,0
151747,0,0.8,0
151747,0,0.7666,0
151747,0,0.7333,0
151747,0,0.7,0
151747,0,0.6666,0
151747,0,0.6333,-0.039
151747,0,0.6,-0.078
151747,0,0.5666,-0.117
151747,0,0.5333,-0.155
151747,0,0.5,-0.194
151747,0,0.4666,-0.231
151747,0,0.4333,-0.269
151747,0,0.4,-0.307
151747,0,0.3666,-0.344
151747,0,0.3333,-0.382
151747,0,0.3,-0.42
151747,0,0.2666,-0.458
151747,0,0.2333,-0.496
151747,0,0.2,-0.534
151747,0,0.1666,-0.573
151747,0,0.1333,-0.611
151747,0,0.1,-0.65
151747,0,0.0666,-0.612
151747,0,0.0333,-0.574
151747,0,0,-0.536
151748,0.3333,0,-0.498
151748,0.6666,0,-0.46
151748,1,0,-0.423
151748,1.3333,0,-0.387
151748,1.6666,0,-0.351
151748,2,0,-0.315
151748,2.3333,0,-0.279
151748,2.6666,0,-0.242
151748,3,0,-0.205
151748,2.6666,0,-0.166
151748,2.3333,0,-0.126
151748,2,0,-0.085
151748,1.6666,0,-0.043
151748,1.3333,0,0
151748,1,0,0
151748,0.6666,0,0
151748,0.3333,0,0
151748,0,0,0.0453
151748,0,0,0.0908
151748,0,0,0.1364
151748,0,0,0.1818
151748,0,0,0.2274
151748,0,0,0.2732
151748,0,0,0.3192
151748,0,0,0.3653
151748,0,0,0.4117
151748,0,0,0.4581
151748,0,0,0.5047
151748,0,0,0.5514
151748,0,0,0.598
151749,0,0,0.6447
151749,0,0,0.6914
151749,0,0,0.7381
151749,0,0,0.7848
151749,0,0,0.8314
151749,0,0,0.8782
151749,0,0,0.9249
151749,0,0,0.8792
151749,0,0,0.8335
151749,0,0,0.7877
151749,0,0,0.7419
151749,0,0,0.696
151749,0,0,0.6501
151749,0,0,0.6041
151749,0,0,0.5581
151749,0,0,0.512
151749,0,0,0.4658
151749,0,0,0.4195
151749,0,0,0.3732
151749,0,0,0.3268
151749,0,0,0.2803
151749,0,0,0.2338
151749,0,0,0.1871
151749,0,0,0.1404
151749,0,0,0.0937
151749,0,0,0.0468
151749,0,0,0
151749,0,0,-0.046
151749,0,0,-0.093
151749,0,0,-0.141
151750,0,0,-0.188
151750,0,0,-0.235
151750,0,0,-0.282
151750,0,0,-0.329
151750,0,0,-0.377
151750,0,0,-0.424
151750,0,0,-0.472
151750,0,0,-0.519
151750,0,0,-0.472
151750,0,0,-0.425
151750,0,0,-0.378
151750,0,0,-0.331
151750,0,0,-0.284
151750,0,0,-0.237
151750,0,0,-0.189
151750,0,0,-0.142
151750,0,0,-0.095
151750,0,0,-0.047
151750,0,0,0
151750,0,0,0.0476
151750,0,0,0.0953
151750,0,0,0.143
151750,0,0,0.1908
151750,0,0,0.2387
151750,0,0,0.191
151750,0,0,0.1434
151750,0,0,0.0956
151750,0,0,0.0478
151750,0,0,0
151750,0,0,0
151751,0,0,0
151751,0,0,0
151751,0,0,0
151751,0,0,0
151751,0,0,0
151751,0,0,0
151751,0,0,0
151751,0,0,0
151751,0,0,0
151751,0,0,0
151751,0,0,0
151751,0,0,-0.048
151751,0,0,-0.096
151751,0,0,-0.144
151751,0,0,-0.193
151751,0,0,-0.241
151751,0,0,-0.29
151751,0,0,-0.242
151751,0,0,-0.193
151751,0,0,-0.145
151751,0,0,-0.097
151751,0,0,-0.048
151751,0,0,0
151751,0,0,0
151751,0,0,0
151751,0,0.0333,0
151751,0,0.0666,0
151751,0,0.1,0
151751,0,0.1333,0
151751,0,0.1666,0
151752,0,0.2,0
151752,0,0.2333,0
151752,0,0.2666,0
151752,0,0.3,0
151752,0,0.3333,0
151752,0,0.3666,0
151752,0,0.4,0
151752,0,0.4333,0
151752,0,0.4666,0
151752,0,0.4333,0
151752,0,0.4,0
151752,0,0.4333,0
151752,0,0.4666,0
151752,0,0.5,0
151752,0,0.5333,0
151752,0,0.5666,0
151752,0,0.6,0
151752,0,0.6333,0
151752,0,0.6,0
151752,0,0.5666,0
151752,0,0.5333,0
151752,0,0.5,0
151752,0,0.4666,0
151752,0,0.4333,0
151752,0,0.4,0
151752,0,0.3666,0
151752,0,0.3333,0
151752,0,0.3,0
151752,0,0.2666,0
151752,0,0.3,0
151753,0,0.3333,0
151753,0,0.3666,0
151753,0,0.4,0
151753,0,0.4333,0
151753,0,0.4666,0
151753,0,0.5,0
151753,0,0.5333,0
151753,0,0.5666,0
151753,0,0.6,0
151753,0,0.6333,0
151753,0,0.6666,0
151753,0,0.7,0
151753,0,0.7333,0
151753,0,0.7666,0
151753,0,0.8,0.0474
151753,0,0.8333,0.0947
151753,0,0.8666,0.1417
151753,0,0.9,0.1886
151753,0,0.8666,0.141
151753,0,0.8333,0.0937
151753,0,0.8,0.0467
151753,0,0.7666,0
151753,0,0.7333,0
151753,0,0.7,0
151753,0,0.6666,0
151753,0,0.6333,0
151753,0,0.6,0
151753,0,0.5666,0
151753,0,0.5333,0
151753,0,0.5,0
151754,0,0.4666,0
151754,0,0.4333,0.0453
151754,0,0.4,0.0906
151754,0,0.3666,0.1358
151754,0,0.3333,0.1809
151754,0,0.3,0.226
151754,0,0.2666,0.2711
151754,0,0.2333,0.3162
151754,0,0.2,0.3614
151754,0,0.1666,0.4066
151754,0,0.1333,0.4519
151754,0,0.1,0.4972
151754,0,0.0666,0.5426
151754,0,0.0333,0.5881
151754,0,0,0.6337
151754,0,0,0.6794
151754,0,0,0.7251
151754,0,0,0.771
151754,0,0,0.7262
151754,0,0,0.6813
151754,0,0,0.6364
151754,0,0,0.5914
151754,0,0,0.5463
151754,0,0.0333,0.5012
151754,0,0.0666,0.456
151754,0,0.1,0.4107
151754,0,0.1333,0.3653
151754,0,0.1666,0.3198
151754,0,0.2,0.2743
151754,0,0.2333,0.2287
151755,0,0.2666,0.183
151755,0,0.3,0.1373
151755,0,0.3333,0.0915
151755,0,0.3666,0.0457
151755,0,0.4,0
151755,0,0.4333,-0.045
151755,0,0.4666,-0.091
151755,0,0.5,-0.136
151755,0,0.5333,-0.182
151755,0,0.5666,-0.227
151755,0,0.6,-0.273
151755,0,0.6333,-0.318
151755,0,0.6666,-0.363
151755,0,0.7,-0.408
151755,0,0.7333,-0.452
151755,0,0.7666,-0.407
151755,0,0.8,-0.362
151755,0,0.8333,-0.317
151755,0,0.8666,-0.271
151755,0,0.9,-0.225
151755,0,0.9333,-0.18
151755,0,0.9666,-0.224
151755,0,1,-0.268
151755,0,1,-0.312
151755,0,1,-0.356
151755,0,1,-0.399
151755,0,1,-0.442
151755,0,1,-0.485
151755,0,1,-0.527
151755,0,1,-0.482
151756,0,1,-0.436
151756,0,1,-0.391
151756,0,1,-0.347
151756,0,1,-0.302
151756,0,1,-0.258
151756,0,1,-0.214
151756,0,1,-0.171
151756,0,1,-0.128
151756,0,1,-0.085
151756,0,1,-0.127
151756,0,1,-0.169
151756,0,1,-0.21
151756,0,1,-0.251
151756,0,1,-0.292
151756,0,1,-0.333
151756,0,1,-0.29
151756,0,1,-0.248
151756,0,1,-0.206
151756,0,1,-0.164
151756,0,1,-0.122
151756,0,1,-0.081
151756,0,1,-0.04
151756,0,1,0
151756,0,1,0
151756,0,1,0
151756,0,1,0
151756,0,1,0
151756,0,1,0
151756,0,1,0
151756,0,1,0.0395
151757,0,1,0.0788
151757,0,1,0.1178
151757,0,1,0.0782
151757,0,1,0.039
151757,0,1,0
151757,0,1,0
151757,0,1,0
151757,0,1,0
151757,0,1,0
151757,0,1,0
151757,0,1,0
151757,0,1,0
151757,0,1,0
151757,0,1,0
151757,0,1,0
151757,0,1,0
151757,0,1,0
151757,0,1,0
151757,0,1,0
151757,0,1,0
151757,0,1,0
151757,0,1,0
151757,0,1,0
151757,0,1,0
151757,0,1,0
151757,0,1,0
151757,0,1,0
151757,0,1,0
151757,0,1,0
151757,0,1,0
151758,0,1,0
151758,0,1,0
151758,0,1,0
151758,0,1,0
151758,0,1,0
151758,0,1,0
151758,0,1,0
151758,0,1,0
151758,0,1,0
151758,0,1,0
151758,0,1,0
151758,0,1,0
151758,0,0.9666,0
151758,0,0.9333,0
151758,0,0.9,0
151758,0,0.8666,0
151758,0,0.8333,0
151758,0,0.8,0
151758,0,0.7666,0
151758,0,0.7333,0
151758,0,0.7,0
151758,0,0.6666,0
151758,0,0.6333,0
151758,0,0.6,0
151758,0,0.5666,0
151758,0,0.5333,0
151758,0,0.5,0
151758,0,0.4666,0
151758,0,0.4333,0
151758,0,0.4,0
151759,0,0.3666,0
151759,0,0.3333,0
151759,0,0.3,0
151759,0,0.2666,0
151759,0,0.2333,0
151759,0,0.2,0
151759,0,0.1666,0
151759,0,0.1333,0
151759,0,0.1,0
151759,0,0.0666,0
151759,0,0.0333,0
151759,0,0,0
151759,0,0,0
151759,0,0,0
151759,0,0,0
151759,0,0,0
151759,0,0,0
151759,0,0,0
151759,0.3333,0,0
151759,0.6666,0,0
151759,1,0,0
151759,1.3333,0,0
151759,1.6666,0,0
151759,2,0,0
151759,1.6666,0,0
151759,1.3333,0,0
151759,1,0,0
151759,0.6666,0,0
151759,0.3333,0,0
151759,0,0,0
151800,0,0,0
151800,0,0,0
151800,0,0,0
151800,0,0,0
151800,0,0,0
151800,0,0,0
151800,0,0,0
151800,0,0,0
151800,0,0.0333,0
151800,0,0.0666,0
151800,0,0.1,0
151800,0,0.1333,0
151800,0,0.1666,0
151800,0,0.2,0
151800,0,0.2333,0
151800,0,0.2666,0
151800,0,0.3,0
151800,0,0.3333,0
151800,0,0.3666,0
151800,0,0.4,0
151800,0,0.4333,0
151800,0,0.4666,0
151800,0,0.5,0
151800,0,0.5333,0
151800,0,0.5666,0
151800,0,0.6,0
151800,0,0.6333,0
151800,0,0.6666,0
151800,0,0.7,0
151800,0,0.7333,0
151801,0,0.7666,0
151801,0,0.8,0
151801,0,0.8333,0
151801,0,0.8666,0
151801,0,0.9,0
151801,0,0.9333,0
151801,0,0.9666,0
151801,0,1,0
151801,0,1,-0.035
151801,0,1,-0.071
151801,0,1,-0.106
151801,0,1,-0.141
151801,0,1,-0.176
151801,0,1,-0.21
151801,0,1,-0.174
151801,0,1,-0.139
151801,0,1,-0.104
151801,0,1,-0.069
151801,0,1,-0.034
151801,0,1,0
151801,0,1,0
151801,0,1,0
151801,0,1,0
151801,0,1,0
151801,0,1,0
151801,0,1,0
151801,0,1,0
151801,0,1,0
151801,0,1,0
151801,0,1,0
151802,0,1,0
151802,0,1,0
151802,0,1,0
151802,0,1,0
151802,0,1,0
151802,0,1,0
151802,0,1,0
151802,0,1,0
151802,0,1,0
151802,0,1,0
151802,0,1,0
151802,0,1,0
151802,0,1,0
151802,0,1,0
151802,0,1,0
151802,0,1,0
151802,0,1,0
151802,0,1,0
151802,0,1,0
151802,0,1,-0.032
151802,0,1,-0.065
151802,0,1,-0.098
151802,0,1,-0.131
151802,0,1,-0.164
151802,0,1,-0.196
151802,0,1,-0.164
151802,0,1,-0.131
151802,0,1,-0.098
151802,0,1,-0.065
151802,0,1,-0.032
151803,0,1,0
151803,0,1,0
151803,0,1,0
151803,0,1,0
151803,0,1,0
151803,0,1,0
151803,0,1,0
151803,0,1,0
151803,0,1,0
151803,0,1,0
151803,0,1,0
151803,0,1,-0.032
151803,0,1,-0.064
151803,0,1,-0.097
151803,0,1,-0.129
151803,0,1,-0.162
151803,0,1,-0.194
151803,0,1,-0.226
151803,0,1,-0.259
151803,0,1,-0.291
151803,0,1,-0.323
151803,0,1,-0.355
151803,0,1,-0.323
151803,0,1,-0.29
151803,0,1,-0.258
151803,0,1,-0.225
151803,0,1,-0.193
151803,0,1,-0.161
151803,0,1,-0.128
151803,0,1,-0.096
151804,0,1,-0.064
151804,0,1,-0.032
151804,0,1,0
151804,0,1,0
151804,0,1,0
151804,0,1,0
151804,0,1,0
151804,0,1,0
151804,0,1,0
151804,0,1,0
151804,0,1,0
151804,0,1,0
151804,0,1,-0.031
151804,0,1,-0.063
151804,0,1,-0.095
151804,0,1,-0.127
151804,0,1,-0.159
151804,0,1,-0.191
151804,0,1,-0.223
151804,0,1,-0.191
151804,0,1,-0.159
151804,0,1,-0.127
151804,0,1,-0.095
151804,0,1,-0.063
151804,0,1,-0.031
151804,0,1,0
151804,0,1,0
151804,0,1,0
151804,0,1,0
151804,0,1,0
151805,0,1,0
151805,0,1,0.0316
151805,0,1,0.0632
151805,0,1,0.0948
151805,0,1,0.1263
151805,0,1,0.1578
151805,0,1,0.1893
151805,0,1,0.2207
151805,0,1,0.2521
151805,0,1,0.2835
151805,0,1,0.3149
151805,0,1,0.3462
151805,0,1,0.3145
151805,0,1,0.2829
151805,0,1,0.2514
151805,0,1,0.2198
151805,0,1,0.1883
151805,0,1,0.1568
151805,0,1,0.1254
151805,0,1,0.094
151805,0,1,0.0626
151805,0,1,0.0313
151805,0,1,0
151805,0,1,0
151805,0,1,0
151805,0,1,0
151805,0,1,0
151805,0,1,0
151805,0,1,0
151805,0,1,0
151806,0,1,0.0311
151806,0,1,0.0623
151806,0,1,0.0934
151806,0,1,0.1244
151806,0,1,0.1555
151806,0,1,0.1865
151806,0,1,0.2175
151806,0,1,0.2484
151806,0,1,0.2793
151806,0,1,0.3102
151806,0,1,0.279
151806,0,0.9666,0.2479
151806,0,0.9333,0.2168
151806,0,0.9,0.1857
151806,0,0.8666,0.1547
151806,0,0.8333,0.1237
151806,0,0.8,0.0927
151806,0,0.7666,0.0618
151806,0,0.7333,0.0308
151806,0,0.7,0
151806,0,0.6666,0
151806,0,0.6333,0
151806,0,0.6,0
151806,0,0.5666,0
151806,0,0.5333,0
151806,0,0.5,0
151806,0,0.5333,0
151806,0,0.5666,0
151806,0,0.6,0
151806,0,0.6333,0
151807,0,0.6666,0
151807,0,0.7,0
151807,0,0.7333,0
151807,0,0.7666,0
151807,0,0.8,0
151807,0,0.8333,0
151807,0,0.8666,0
151807,0,0.9,0
151807,0,0.9333,0
151807,0,0.9666,0
151807,0,1,0
151807,0,1,0
151807,0,1,0
151807,0,1,0
151807,0,1,0
151807,0,1,0
151807,0,1,0
151807,0,1,0
151807,0,1,0
151807,0,1,0
151807,0,1,0
151807,0,1,0
151807,0,1,0
151807,0,1,0
151807,0,1,0
151807,0,1,0.0304
151807,0,1,0.0609
151807,0,1,0.0304
151807,0,1,0
151807,0,1,0
151808,0,1,0
151808,0,1,0
151808,0,1,0
151808,0,1,0
151808,0,1,0
151808,0,1,0
151808,0,1,0
151808,0,1,0
151808,0,1,0
151808,0,1,0.0302
151808,0,1,0.0605
151808,0,1,0.0907
151808,0,1,0.0604
151808,0,1,0.0302
151808,0,1,0
151808,0,1,0
151808,0,1,0
151808,0,1,0
151808,0,1,0
151808,0,1,0
151808,0,1,0
151808,0,1,0
151808,0,1,0
151808,0,1,0
151808,0,1,0
151808,0,1,0
151808,0,1,0
151808,0,1,0
151808,0,1,0
151808,0,0.9666,0
151809,0,0.9333,0
151809,0,0.9,0
151809,0,0.8666,0
151809,0,0.8333,0
151809,0,0.8,0
151809,0,0.7666,0
151809,0,0.7333,0
151809,0,0.7,0
151809,0,0.6666,0
151809,0,0.6333,0
151809,0,0.6,0
151809,0,0.5666,0
151809,0,0.5333,0
151809,0,0.5,0
151809,0,0.4666,0
151809,0,0.4333,0
151809,0,0.4,0
151809,0,0.3666,0
151809,0,0.3333,0
151809,0,0.3,0
151809,0,0.2666,0
151809,0,0.2333,0
151809,0,0.2,0
151809,0.3333,0.1666,0
151809,0.6666,0.1333,0
151809,1,0.1,0
151809,1.3333,0.0666,0
151809,1.6666,0.0333,0
151809,2,0,0
151809,2.3333,0,0
151810,2.6666,0,0
151810,3,0,0
151810,3.3333,0,0
151810,3.6666,0,0
151810,4,0,0
151810,4.3333,0,0
151810,4.6666,0,0
151810,5,0,0
151810,5.3333,0,0
151810,5.6666,0,0
151810,6,0,0
151810,6.3333,0,0
151810,6.6666,0,0
151810,7,0,0
151810,7.3333,0,0
151810,7.6666,0,0
151810,8,0,0
151810,7.6666,0,0
151810,7.3333,0,0
151810,7,0,0
151810,6.6666,0,0
151810,6.3333,0,0
151810,6,0,0
151810,5.6666,0,0
151810,5.3333,0,0
151810,5,0,0
151810,4.6666,0,0
151810,4.3333,0,0
151810,4,0,0
151810,3.6666,0,0
151811,3.3333,0,0
151811,3,0,0
151811,2.6666,0,0
151811,2.3333,0.0333,0
151811,2,0.0666,0
151811,1.6666,0.1,0
151811,1.3333,0.1333,0
151811,1,0.1666,0
151811,0.6666,0.2,0
151811,0.3333,0.2333,0
151811,0,0.2666,0
151811,0,0.3,0
151811,0,0.3333,0
151811,0,0.3666,0
151811,0,0.4,0
151811,0,0.4333,0
151811,0,0.4666,0.0332
151811,0,0.5,0.0664
151811,0,0.5333,0.0996
151811,0,0.5,0.1329
151811,0,0.4666,0.1661
151811,0,0.4333,0.1993
151811,0,0.4,0.2325
151811,0,0.3666,0.1992
151811,0,0.3333,0.166
151811,0,0.3,0.1328
151811,0,0.2666,0.0996
151811,0,0.2333,0.0664
151811,0,0.2,0.0332
151811,0,0.1666,0
151812,0,0.1333,0
151812,0,0.1,0
151812,0,0.0666,0
151812,0,0.0333,0
151812,0,0,0
151812,0,0,0
151812,0,0,0
151812,0,0,0.0332
151812,0,0,0.0664
151812,0,0,0.0997
151812,0,0,0.133
151812,0,0,0.1663
151812,0,0,0.1996
151812,0,0,0.2329
151812,0,0,0.2662
151812,0,0,0.2995
151812,0,0,0.3329
151812,0,0,0.3662
151812,0,0,0.3996
151812,0,0,0.4329
151812,0,0,0.4663
151812,0,0,0.4997
151812,0,0,0.4665
151812,0,0,0.4332
151812,0,0,0.4001
151812,0,0,0.3672
151812,0,0,0.3342
151812,0,0,0.3011
151812,0,0,0.2679
151812,0,0,0.2347
151813,0,0,0.2014
151813,0,0,0.168
151813,0,0,0.1345
151813,0,0,0.101
151813,0,0,0.0674
151813,0,0,0.0337
151813,0,0,0
151813,0,0,-0.033
151813,0,0,-0.067
151813,0,0,-0.101
151813,0,0,-0.135
151813,0,0,-0.169
151813,0,0,-0.136
151813,0,0,-0.102
151813,0,0,-0.068
151813,0,0,-0.034
151813,0,0,0
151813,0,0,0
151813,0,0,0
151813,0,0,0
151813,0,0,0
151813,0,0,0
151813,0,0,0
151813,0,0,-0.034
151813,0,0,-0.068
151813,0,0,-0.103
151813,0,0,-0.137
151813,0,0,-0.172
151813,0,0,-0.207
151813,0,0,-0.242
151814,0,0,-0.276
151814,0,0,-0.311
151814,0,0,-0.346
151814,0,0,-0.382
151814,0,0,-0.417
151814,0,0,-0.452
151814,0,0,-0.487
151814,0,0,-0.523
151814,0,0,-0.558
151814,0,0,-0.524
151814,0,0,-0.489
151814,0,0,-0.455
151814,0,0,-0.42
151814,0,0,-0.386
151814,0,0,-0.351
151814,0,0,-0.316
151814,0,0,-0.281
151814,0,0,-0.246
151814,0,0,-0.211
151814,0,0,-0.176
151814,0,0,-0.141
151814,0,0,-0.106
151814,0,0,-0.07
151814,0,0,-0.035
151814,0,0,0
151814,0,0,0
151814,0,0,0
151814,0,0,0
151814,0,0,0
151814,0,0,0
151815,0,0,0
151815,0,0,0
151815,0,0,0
151815,0,0,0
151815,0,0,0
151815,0,0,0
151815,0,0,0
151815,0,0,0.0359
151815,0,0,0.0719
151815,0,0,0.108
151815,0,0,0.1441
151815,0,0,0.1804
151815,0,0,0.2167
151815,0,0,0.253
151815,0,0,0.2894
151815,0,0,0.3259
151815,0,0,0.29
151815,0,0,0.254
151815,0,0,0.2179
151815,0,0,0.1817
151815,0,0,0.1455
151815,0,0,0.1092
151815,0,0,0.0729
151815,0,0,0.0364
151815,0,0,0
151815,0,0,0
151815,0,0,0
151815,0,0,0
151815,0,0,0
151815,0,0,0
151816,0,0,-0.036
151816,0,0,-0.073
151816,0,0,-0.11
151816,0,0,-0.147
151816,0,0,-0.184
151816,0,0,-0.221
151816,0,0,-0.184
151816,0,0,-0.147
151816,0,0,-0.111
151816,0,0,-0.074
151816,0,0,-0.037
151816,0,0,0
151816,0,0,0
151816,0,0,0
151816,0,0,0
151816,0,0,0
151816,0,0,0
151816,0,0,0
151816,0,0,0
151816,0,0,0
151816,0,0,0
151816,0,0,0.0374
151816,0,0,0.0749
151816,0,0,0.1125
151816,0,0,0.075
151816,0,0,0.0375
151816,0,0,0
151816,0,0,0
151816,0,0,0
151816,0,0,0
151817,0,0,0
151817,0,0,0
151817,0,0,0
151817,0,0,0
151817,0,0,0
151817,0,0,0
151817,0,0,0
151817,0,0,0
151817,0,0,0
151817,0,0,0
151817,0,0,0
151817,0,0,0
151817,0,0,0
151817,0,0,0
151817,0,0,0
151817,0,0,0
151817,0,0,0
151817,0,0,0
151817,0,0,0
151817,0,0,0
151817,0,0,0
151817,0,0,0
151817,0,0,0
151817,0,0,0
151817,0,0,0
151817,0,0,0
151817,0,0,0
151817,0,0,0
151817,0,0,0
151817,0,0,0
151818,0,0,0
151818,0,0,0
151818,0,0,0
151818,0,0,-0.038
151818,0,0,-0.077
151818,0,0,-0.116
151818,0,0,-0.155
151818,0,0,-0.194
151818,0,0,-0.155
151818,0,0,-0.117
151818,0,0,-0.078
151818,0,0,-0.039
151818,0,0,0
151818,0,0,0
151818,0,0,0
151818,0,0,0
151818,0,0,0
151818,0,0,0
151818,0,0,0
151818,0,0,0
151818,0,0,0
151818,0,0,0
151818,0.3333,0,0
151818,0.6666,0,0
151818,1,0,0
151818,1.3333,0,0
151818,1.6666,0,0
151818,2,0,0
151818,2.3333,0,0
151818,2.6666,0,0
151819,3,0,0
151819,3.3333,0,0
151819,3.6666,0,0
151819,4,0,0
151819,4.3333,0,0
151819,4.6666,0,0
151819,5,0,0
151819,5.3333,0,0
151819,5.6666,0,0
151819,6,0,0
151819,6.3333,0,0
151819,6.6666,0,0
151819,7,0,0
151819,7.3333,0,0
151819,7,0,0
151819,6.6666,0,0
151819,6.3333,0,0
151819,6,0,0
151819,5.6666,0,0
151819,5.3333,0,0
151819,5,0,0
151819,4.6666,0,0
151819,4.3333,0,0
151819,4,0,0
151819,3.6666,0,0
151819,3.3333,0,0
151819,3,0,0
151819,2.6666,0,0
151819,2.3333,0,0
151819,2,0,0
151820,1.6666,0,0
151820,1.3333,0,0
151820,1,0,0
151820,0.6666,0,0
151820,0.3333,0,0
151820,0,0,0
151820,0,0,0
151820,0,0,0
151820,0,0,0
151820,0,0,0
151820,0,0,0
151820,0,0,0
151820,0,0,0
151820,0,0,0
151820,0,0.0333,0
151820,0,0.0666,0
151820,0,0.1,0
151820,0,0.1333,0
151820,0,0.1666,0
151820,0,0.2,0
151820,0,0.2333,0
151820,0,0.2666,0
151820,0,0.3,0
151820,0,0.3333,0
151820,0,0.3666,0
151820,0,0.4,0
151820,0,0.4333,0
151820,0,0.4666,0
151820,0,0.5,0
151820,0,0.5333,0
151821,0,0.5666,0
151821,0,0.6,0
151821,0,0.6333,0
151821,0,0.6666,0
151821,0,0.7,0
151821,0,0.7333,0
151821,0,0.7666,0
151821,0,0.8,0
151821,0,0.8333,0
151821,0,0.8666,0
151821,0,0.9,0
151821,0,0.8666,0
151821,0,0.8333,0
151821,0,0.8,0
151821,0,0.7666,0
151821,0,0.7333,0
151821,0,0.7,0
151821,0,0.6666,0
151821,0,0.6333,0
151821,0,0.6,0
151821,0,0.5666,0
151821,0,0.5333,0
151821,0,0.5,0
151821,0,0.4666,0
151821,0,0.4333,0
151821,0,0.4,0
151821,0,0.3666,0
151821,0,0.3333,0
151821,0,0.3,0
151821,0,0.2666,0
