Timestamp,刹车,油门,方向盘
20241029173138,20241029173138
20241029173138,20241029173138
20241029173138,20241029173138
20241029173138,20241029173138
20241029173138,20241029173138
20241029173138,20241029173138
20241029173138,20241029173138
20241029173138,20241029173138
20241029173138,20241029173138
20241029173138,20241029173138
20241029173139,20241029173139
20241029173139,20241029173139
20241029173139,20241029173139
20241029173139,20241029173139
20241029173139,20241029173139
20241029173139,20241029173139
20241029173139,20241029173139
20241029173139,20241029173139
20241029173139,20241029173139
20241029173139,20241029173139
20241029173140,20241029173140
20241029173140,20241029173140
20241029173140,20241029173140
20241029173140,20241029173140
20241029173140,20241029173140
20241029173140,20241029173140
20241029173140,20241029173140
20241029173140,20241029173140
20241029173140,20241029173140
20241029173140,20241029173140
20241029173141,20241029173140
20241029173141,20241029173141
20241029173141,20241029173141
20241029173141,20241029173141
20241029173141,20241029173141
20241029173141,20241029173141
20241029173141,20241029173141
20241029173141,20241029173141
20241029173141,20241029173141
20241029173141,20241029173141
20241029173142,20241029173142
20241029173142,20241029173142
20241029173142,20241029173142
20241029173142,20241029173142
20241029173142,20241029173142
20241029173142,20241029173142
20241029173142,20241029173142
20241029173142,20241029173142
20241029173142,20241029173142
20241029173142,20241029173142
20241029173143,20241029173143
20241029173143,20241029173143
20241029173143,20241029173143
20241029173143,20241029173143
20241029173143,20241029173143
20241029173143,20241029173143
20241029173143,20241029173143
20241029173143,20241029173143
20241029173143,20241029173143
20241029173143,20241029173143
20241029173144,20241029173144
20241029173144,20241029173144
20241029173144,20241029173144
20241029173144,20241029173144
20241029173144,20241029173144
20241029173144,20241029173144
20241029173144,20241029173144
20241029173144,20241029173144
20241029173144,20241029173144
20241029173144,20241029173144
20241029173145,20241029173145
20241029173145,20241029173145
20241029173145,20241029173145
20241029173145,20241029173145
20241029173145,20241029173145
20241029173145,20241029173145
20241029173145,20241029173145
20241029173145,20241029173145
20241029173145,20241029173145
20241029173145,20241029173145
20241029173146,20241029173145
20241029173146,20241029173146
20241029173146,20241029173146
20241029173146,20241029173146
20241029173146,20241029173146
20241029173146,20241029173146
20241029173146,20241029173146
20241029173146,20241029173146
20241029173146,20241029173146
20241029173146,20241029173146
20241029173147,20241029173147
20241029173147,20241029173147
20241029173147,20241029173147
20241029173147,20241029173147
20241029173147,20241029173147
20241029173147,20241029173147
20241029173147,20241029173147
20241029173147,20241029173147
20241029173147,20241029173147
20241029173147,20241029173147
